frame_id,steering_angle
1477439717240636315,0.002765384502708912
1477439556718102526,0.0010993167525157332
1477439613526155492,0.001028010156005621
1477439493959199967,0.00035119010135531425
1477439571920193975,0.0005905911093577743
1477439618876841275,0.0003171873395331204
1477439472306280744,0.0025534022133797407
1477439701338381698,0.0021897167898714542
1477439644130460544,-0.0008857590728439391
1477439415298768991,0.0022299063857644796
1477439593223291721,0.0005457520601339638
1477439700938387930,0.002055977936834097
1477439590072865995,0.0017985723679885268
1477439501710365955,0.0017010746523737907
1477439510411531330,0.0007165800197981298
1477439633578917346,0.0005029165768064559
1477439421901083205,0.001503049279563129
1477439429350209545,0.002161303535103798
1477439492108943000,0.0003430210053920746
1477439700538226610,0.0014777816832065582
1477439444952314207,0.0008932384080253541
1477439596273718451,0.0001709467760520056
1477439522063222442,0.0016276233363896608
1477439613126096256,0.000553549500182271
1477439594173431142,0.00131665775552392
1477439466555415078,0.00022364052711054683
1477439533414753020,-0.0006977100856602192
1477439540867286431,-0.0003538186429068446
1477439558218272127,0.0025086773093789816
1477439533664856704,-0.0008592589292675257
1477439629678364254,0.0012886880431324244
1477439570371599530,0.001611382351256907
1477439534915033059,-9.910619701258838e-05
1477439629628343526,0.0012800788972526789
1477439691687029579,0.0019235187210142612
1477439568269777432,0.0018766035791486502
1477439560718601261,0.0035031065344810486
1477439701838681883,0.002203143434599042
1477439466305401011,0.002285795286297798
1477439627728064228,-0.0002446961007080972
1477439518112669813,0.00045937587856315076
1477439645030441214,8.935463847592473e-05
1477439418498658795,-0.0003213760210201144
1477439501360731549,-0.0003372005885466933
1477439674134605857,0.0025217756628990173
1477439601324437786,0.0022933848667889833
1477439707439461663,0.0031282466370612383
1477439633129020074,0.0016405897913500667
1477439552717428942,0.002514375140890479
1477439525113648845,-0.00029813151923008263
1477439565869374838,0.0022364933975040913
1477439502810491600,0.0011387799168005586
1477439561768744273,0.001992420293390751
1477439558068205612,0.0019879851024597883
1477439418048595479,0.00010180938988924026
1477439628478190736,-0.00022003310732543468
1477439721241165362,0.00045017723459750414
1477439725391884517,0.002263071946799755
1477439560568674670,0.0035172132775187492
1477439562468885173,0.002386142034083605
1477439527414009967,-0.0018427791073918343
1477439516512372151,0.0005584147293120623
1477439435451039047,-3.1988194677978754e-05
1477439701738665513,0.00278931250795722
1477439536815342175,0.0007050672429613769
1477439446952657167,0.0017283015185967088
1477439529414314231,-0.0008306027157232165
1477439697487902177,0.0008554134401492774
1477439575020539827,0.0003641264920588583
1477439557368156496,0.0016381668392568827
1477439516262404409,0.0010239464463666081
1477439693937331363,0.0016203962732106447
1477439523613374656,0.00037151225842535496
1477439497109639395,0.0011207677889615297
1477439626577871992,-0.0007265537278726697
1477439712990145426,-0.0014219821896404028
1477439718490847247,0.0009352202760055661
1477439464355218142,0.0009109706152230501
1477439492509002286,0.0004174706991761923
1477439568819831320,0.0025704028084874153
1477439443803566092,0.0009368675528094172
1477439596073701787,0.000986571190878749
1477439660682677347,0.0017815888859331608
1477439569069777808,0.0026217668782919645
1477439586822287844,0.0011057468364015222
1477439642730213900,-2.468761522322893e-06
1477439557068297627,0.0016997558996081352
1477439676734928642,0.0013503717491403222
1477439524363544753,0.00017071212641894817
1477439623927606884,0.0009264478576369584
1477439525563709326,-0.0005060718394815922
1477439501660290931,0.0004840473411604762
1477439495109474673,-0.00034145452082157135
1477439561718930086,0.002138252602890134
1477439718840683783,0.00033470382913947105
1477439500760166045,0.0006172438152134418
1477439565369869681,0.0029432394076138735
1477439609275439793,0.0023794888984411955
1477439433050731240,0.00019718354451470077
1477439719040857679,0.001598708564415574
1477439592473128326,0.0018742604879662395
1477439608725348699,0.002328241243958473
1477439579171327709,0.0014640867011621594
1477439419798869801,0.0007145300623960793
1477439564419205713,0.002020200015977025
1477439701538644688,0.002671227790415287
1477439446602614666,0.0004046873655170202
1477439527163935088,-0.0017728523816913366
1477439624577644970,0.0020780391059815884
1477439677735077607,0.0013731365324929357
1477439551867359580,0.0022536609321832657
1477439683435894907,0.0003031911328434944
1477439603324569449,0.00044613133650273085
1477439475556694005,0.0008057295344769955
1477439484257914762,0.0008912113262340426
1477439465155156444,0.0018259943462908268
1477439591223010511,0.001911394763737917
1477439497409675363,9.572599083185196e-05
1477439622177251814,0.0013007896486669779
1477439584772033498,0.0013067855034023523
1477439419148718149,0.0006329520256258547
1477439493109074633,0.0006943853804841638
1477439530664384484,-0.0012803762219846249
1477439409997433369,0.0009410936036147177
1477439500710219387,0.0006118565215729177
1477439552017488846,0.0020984718576073647
1477439466055329401,0.0019111605361104012
1477439617226651347,-0.0014136673416942358
1477439618226810839,0.0007629543542861938
1477439569119779032,0.0027459939010441303
1477439702838541326,0.002551519777625799
1477439471806152539,0.002199529903009534
1477439466105324480,0.002966207917779684
1477439631628633029,0.0018544594058766961
1477439444802366681,0.000854030717164278
1477439618376715663,0.00045068105100654066
1477439471956181588,0.002834766171872616
1477439601124479520,0.0036825700663030148
1477439627227953829,-0.0008362157386727631
1477439704788880639,0.0025733669754117727
1477439651081367323,0.001783954445272684
1477439712940067028,-0.001564118778333068
1477439696887605794,0.0010842515621334314
1477439638379529026,-0.0016322688898071647
1477439609077263032,0.002572381868958473
1477439610925650398,0.0024838007520884275
1477439417698566837,-0.0004157510120421648
1477439529014170822,-0.0015879732090979815
1477439488308436477,0.0013823449844494462
1477439585322166439,0.0021078309509903193
1477439587722426892,0.0031776730902493
1477439608925508748,0.000555036123842001
1477439443102190750,0.00040122593054547906
1477439707139173519,0.0031034573912620544
1477439552317425503,0.0022712142672389746
1477439570219944459,0.001462157117202878
1477439619126820648,0.0017909432062879205
1477439722441291201,0.0004010333796031773
1477439684736046913,0.002919172402471304
1477439613176131079,5.61075285077095e-05
1477439568869743549,0.0025009470991790295
1477439731442789435,0.00043737480882555246
1477439444402358914,0.00026747246738523245
1477439465005147574,0.0015068517532199621
1477439564119271685,0.0024693687446415424
1477439725341763324,0.0033172303810715675
1477439575270571029,0.00037227687425911427
1477439631428595332,0.0015365555882453918
1477439565519328387,0.0020215262193232775
1477439551267386592,0.0026954063214361668
1477439560318551782,0.003349863225594163
1477439525163512376,-0.0006905755726620555
1477439433902596616,0.0009229141287505627
1477439510711577327,0.0011255970457568765
1477439586172204696,0.0014144147280603647
1477439517662651662,7.993355393409729e-05
1477439691737271088,0.0018348351586610079
1477439611275702636,0.003403968410566449
1477439593673270507,0.0006530736573040485
1477439729242295315,0.0011199293658137321
1477439617576606086,-0.0010387856746092439
1477439644180336559,-0.0001801015459932387
1477439708739359512,0.0010953384917229414
1477439527513966589,-0.0024364737328141928
1477439701038326538,0.0021814603824168444
1477439630328433787,0.0005479220417328179
1477439446652651861,0.0004386503715068102
1477439529364238467,-0.0011293438728898764
1477439596323610926,0.0007619449170306325
1477439606375018566,0.0007601286633871496
1477439413998012092,0.002568107098340988
1477439708889499154,-0.0006727601867169142
1477439622127242319,0.0012179799377918243
1477439633229030190,0.0008667857619002461
1477439444852360193,0.0005208213115110993
1477439572570348537,0.000151804561028257
1477439626528102889,-0.0004300693981349468
1477439536165267796,0.0009185019298456609
1477439622327457237,0.0004984874976798892
1477439610475789144,0.002081158570945263
1477439592323174306,0.0012223687954246998
1477439522413278451,0.0017064008861780167
1477439629428265712,0.00039555877447128296
1477439626177818873,-0.0003681765520013869
1477439578771263561,0.001222762861289084
1477439601024327944,0.0022430005483329296
1477439643480313059,-0.0008857278735376894
1477439467605535766,0.0018752069445326924
1477439569019764259,0.002492109313607216
1477439627377981817,-0.0011249862145632505
1477439497559726406,0.0002193243708461523
1477439525263616522,-0.0005840668454766273
1477439435251029657,7.86097371019423e-05
1477439696837826405,0.0015098678413778543
1477439570870079339,0.0018618060275912285
1477439637529439148,0.0006019154097884893
1477439637779508602,0.0008693353738635778
1477439578721114719,0.0015505475457757711
1477439522313249576,0.0018490484217181802
1477439717340644895,0.002455607056617737
1477439677085200777,0.0010734960669651628
1477439502960467477,0.00014542235294356942
1477439535115116935,-0.00016477651661261916
1477439674534784644,0.002070798072963953
1477439609425440654,0.0007534115575253963
1477439541865967706,-0.0007374254055321217
1477439618276702614,0.0011833618627861142
1477439418099138592,0.0003903615870513022
1477439584822051272,0.0012050457298755646
1477439416448430878,0.0010871925624087453
1477439528464123331,-0.0017498931847512722
1477439671184145194,0.0006705190753564239
1477439464305035404,0.0009189300471916795
1477439587572485419,0.0029059075750410557
1477439594223317860,0.0022429716773331165
1477439633878963694,0.0014808161649852991
1477439445052381702,0.0013237326638773084
1477439619326886945,0.0012760314857587218
1477439534965037413,-0.00019201793475076556
1477439552617462464,0.0023920892272144556
1477439609825543486,0.0026286509819328785
1477439717290561987,0.0023962254635989666
1477439539265523458,0.0008551514474675059
1477439585372073577,0.0020846272818744183
1477439714540413394,0.0003672773309517652
1477439515212199872,0.00163195189088583
1477439557418130474,0.0014037024229764938
1477439467855644469,0.0012392632197588682
1477439525413696322,-0.00013116089394316077
1477439433700708894,0.00032738124718889594
1477439516662392809,-0.000704899022821337
1477439481607508987,-4.385955980978906e-05
1477439675234746666,0.0035123955458402634
1477439502510415954,0.0016636254731565714
1477439592373046676,0.0013928735861554742
1477439536415191935,0.0009274660260416567
1477439646230853089,0.0013464223593473434
1477439483657823766,0.0014938745880499482
1477439418348666818,0.00034393114037811756
1477439634379627791,-2.8692593332380056e-05
1477439715340416080,0.0011680391617119312
1477439460404811359,0.0016392396064475179
1477439411697773100,0.002479884307831526
1477439611775790440,0.002315436489880085
1477439714740205280,0.0004384448693599552
1477439471406010164,0.002297630999237299
1477439552467478825,0.002405940555036068
1477439632428802133,0.0003514036361593753
1477439441402259661,0.0018454615492373705
1477439609725743714,0.0030557059217244387
1477439552217522814,0.0027263767551630735
1477439462004779763,0.001880854950286448
1477439496609922765,0.0006861529545858502
1477439630728553648,0.0004640358965843916
1477439675434919592,0.00251239282079041
1477439644080317472,-0.0007054245215840638
1477439588622646352,0.002149461768567562
1477439418598699918,-3.768393071368337e-05
1477439466505432016,0.0013171915197744966
1477439684686011314,0.0027504311874508858
1477439572470263900,0.00028020094032399356
1477439567069504167,0.0014003848191350698
1477439553517627486,0.0014864056138321757
1477439506010892049,0.00021152361296117306
1477439525013590222,-0.0012405348243191838
1477439690886897561,0.0022356724366545677
1477439602074544163,0.00021693593589589
1477439720791166420,0.0005159879801794887
1477439472056145867,0.0023842076770961285
1477439619726959072,0.0003372679930180311
1477439594673369001,0.0006322229746729136
1477439718140664897,0.0016286296304315329
1477439706789949065,0.0007277447730302811
1477439708939394263,-0.0009017381817102432
1477439638829597339,-0.0005622770986519754
1477439587172391920,0.0023155875969678164
1477439493159154955,0.0011555799283087254
1477439588822619439,0.002394596114754677
1477439443202011459,-2.7337344363331795e-05
1477439632628793861,0.0013395084533840418
1477439419498802103,0.0011868104338645935
1477439569469851484,0.0014343563234433532
1477439624027623282,0.00178547075483948
1477439481757510796,-0.0009164527291432023
1477439436001058813,0.0027424015570431948
1477439705588930472,0.0030378419905900955
1477439631728630553,0.0013611179310828447
1477439419248709611,0.0006372433854267001
1477439615226281211,-0.0021090232767164707
1477439464655110022,0.0003835694515146315
1477439565069221679,0.0019694557413458824
1477439690836910922,0.0021627089008688927
1477439659382527206,0.003972820937633514
1477439525513732326,-0.0003216568729840219
1477439719490875499,0.0008635647827759385
1477439479757323435,-0.0002612893586046994
1477439561368703786,0.002752085216343403
1477439498609790743,0.0019126470433548093
1477439704088760192,0.001405823277309537
1477439469106031535,0.00017937971279025078
1477439596723719285,0.0021587626542896032
1477439417548546307,-0.0012036446714773774
1477439539615740601,0.0004566709976643324
1477439540915827627,-0.0005260551115497947
1477439713340045664,-0.002493154024705291
1477439418798722761,5.6479708291590214e-05
1477439645680627895,0.0015012951334938407
1477439526963913031,-0.001746139139868319
1477439697037852946,0.001897553214803338
1477439500960190891,0.0008243746124207973
1477439443052046177,-0.0002634284319356084
1477439472356230154,0.002654897514730692
1477439623777469710,0.0017057980876415968
1477439552917712339,0.0016482556238770485
1477439705438956263,0.003377444576472044
1477439574670605543,0.0008333632140420377
1477439414198083033,0.002682422287762165
1477439524313544828,-3.496179124340415e-05
1477439429550241512,0.0017093889182433486
1477439526913922055,-0.0019312764052301645
1477439631678662609,0.001447715563699603
1477439467505441818,0.0019394306000322104
1477439499059917507,0.0003938340814784169
1477439675384764706,0.0026024349499493837
1477439587322468962,0.0020657703280448914
1477439432650655845,0.00012369226897135377
1477439552117521139,0.0020575819071382284
1477439701938697994,0.0019596766214817762
1477439717990903034,0.001590442261658609
1477439591922975450,0.002171632368117571
1477439412197770321,0.0021396831143647432
1477439502860463166,0.0013896781019866467
1477439600524274622,0.002346239984035492
1477439430050215057,0.0017415122129023075
1477439699288256971,0.0021536964923143387
1477439412547843894,0.0019518856424838305
1477439673834757683,0.003713152837008238
1477439523563432070,0.0010752570815384388
1477439627077956077,-0.00020956568187102675
1477439435901057405,0.0022521372884511948
1477439469005960018,0.0009496245766058564
1477439551067366925,0.002357674529775977
1477439541265865767,-0.0005953814834356308
1477439435551062321,-0.00044473051093518734
1477439645180591103,0.0006847241311334074
1477439461954758494,0.0017371391877532005
1477439696787793941,0.00131603900808841
1477439677535078340,0.0005775715690106153
1477439536315167028,0.0007624203572049737
1477439522363165428,0.0018120142631232738
1477439628028111988,-0.0003761976258829236
1477439629728458775,0.0012013133382424712
1477439645080590293,-2.391421003267169e-05
1477439565469259219,0.0024259116034954786
1477439717140611422,0.0019155347254127264
1477439414998236095,0.002561611123383045
1477439436101124591,0.002351890318095684
1477439716740397235,0.0019056845922023058
1477439527614017891,-0.001811605878174305
1477439569169795018,0.002623537555336952
1477439551568918382,0.003671220038086176
1477439462104836796,0.0014865417033433914
1477439527914011133,-0.001784011721611023
1477439570419957698,0.001401687040925026
1477439646780748332,0.00013010803377255797
1477439460804564536,0.001887032063677907
1477439593373252391,0.0007724031456746161
1477439611425761271,0.00326160853728652
1477439586772237969,0.001120694330893457
1477439535615262501,0.00045880849938839674
1477439629828488575,0.001361254253424704
1477439535965220892,0.0009970733663067222
1477439530114318532,-0.0013372970279306173
1477439684636270874,0.0032004183158278465
1477439415698171652,0.0009548364905640483
1477439535215091054,0.0006512565887533128
1477439606175005226,0.0008665048517286777
1477439624527667444,0.0022879033349454403
1477439636879355123,0.0011476813815534115
1477439718540731766,0.0011610542424023151
1477439429950303755,0.001686819363385439
1477439676335111775,0.0017783462535589933
1477439440701893367,0.001037967624142766
1477439617426573556,-0.0017774185398593545
1477439443002106173,-0.0005337485927157104
1477439694887377038,0.002798647154122591
1477439418248647653,-8.276593871414661e-05
1477439632930262156,0.0013270204653963447
1477439524463560766,-0.001389659009873867
1477439560468567499,0.003684308147057891
1477439624127521575,0.001107129966840148
1477439715790360066,0.0015967756044119596
1477439716990519364,0.0020377556793391705
1477439529164492428,-0.0006916963029652834
1477439691937013182,0.0015930221416056156
1477439528364032977,-0.0016294833039864898
1477439499610187985,0.0009863781742751598
1477439412347895025,0.0019309009658172727
1477439719140868631,0.0007945176912471652
1477439565769299470,0.0020089512690901756
1477439708139331482,0.003119691042229533
1477439707939411447,0.002519461326301098
1477439717842311801,0.0010689704213291407
1477439562268873699,0.0022693148348480463
1477439499510034670,0.00030360498931258917
1477439725642660178,0.0023059742525219917
1477439472556258323,0.0027737536001950502
1477439530014323741,-0.0017921130638569593
1477439715690344944,0.0011980060953646898
1477439536915426586,0.0006401214050129056
1477439706139050452,0.0017720242030918598
1477439715940384891,0.0009766377042979002
1477439721191117811,0.000372774840798229
1477439625177793599,0.0003947095829062164
1477439496909745564,0.000725150341168046
1477439524113336523,-0.00020665413467213511
1477439497059656242,0.0006530603859573603
1477439572170224445,0.0008638468571007252
1477439524863613550,-0.0009826698806136847
1477439491758942743,0.0004284416791051626
1477439691887130942,0.0021874529775232077
1477439617176541361,-0.0007940607611089945
1477439497009711924,0.0011490152683109045
1477439443152248046,-6.995047442615032e-06
1477439573720479478,0.0006479202420450747
1477439630778502157,0.0007545634871348739
1477439571470096929,0.0010494815651327372
1477439693287461127,0.002066665794700384
1477439698938008778,0.0020402446389198303
1477439445002356784,0.001085026073269546
1477439571670139701,0.0015094417612999678
1477439628578188067,0.00014774099690839648
1477439619826938981,0.000663833343423903
1477439571620173578,0.0013862299965694547
1477439552869042220,0.0025242918636649847
1477439500660168592,0.0003001015866175294
1477439526763888579,-0.0017127747414633632
1477439707089183110,0.0030793994665145874
1477439573570469399,0.000725411984603852
1477439491308828015,0.0006052388343960047
1477439592273032268,0.001954043284058571
1477439651931424491,0.0006946704816073179
1477439633379058681,0.0009412075160071254
1477439460254531738,0.0017320129554718733
1477439506812926553,0.0008705437649041414
1477439622777385642,0.002247987315058708
1477439695237774100,0.0031569679267704487
1477439696537778632,0.0021879500709474087
1477439729092220475,0.00021582056069746614
1477439542816129467,-0.0007400586036965251
1477439651231259208,0.0015885771717876196
1477439574820691966,1.607113517820835e-05
1477439574570602737,0.0008308222750201821
1477439629278349225,-0.0001679832930676639
1477439715990462848,0.002023599110543728
1477439563819039635,0.002746083540841937
1477439651331462233,0.0011425063712522388
1477439543166083847,5.233037518337369e-05
1477439432850632847,-0.00033305512624792755
1477439443902183960,0.0010244072182103992
1477439494559341034,0.00017502030823379755
1477439529864320494,-0.0010824138298630714
1477439556468048395,0.000939840218052268
1477439491158837800,0.0012143878266215324
1477439716340422232,0.0011189463548362255
1477439613077180417,0.00045748474076390266
1477439601174296819,0.0028547351248562336
1477439435501181123,-0.00037288834573701024
1477439600874366827,0.003438604064285755
1477439444502241410,0.00042161019518971443
1477439716540373445,0.00147896574344486
1477439429400399042,0.002108596730977297
1477439541015881752,-0.0001659289700910449
1477439592573150019,0.0012975502759218216
1477439580171296739,0.0015695292968302965
1477439674084560206,0.0028059016913175583
1477439470655929414,0.001493634656071663
1477439646380702090,0.0005193761899136007
1477439714040093260,-0.0014421431114897132
1477439568569762093,0.0024853551294654608
1477439690936869521,0.0022955513559281826
1477439686286286381,0.0021484107710421085
1477439485408107443,0.001126155024394393
1477439528114013451,-0.0018700608052313328
1477439565121146630,0.0021772044710814953
1477439697537887405,0.00032371131237596273
1477439564669201635,0.0023253217805176973
1477439623827601220,0.001069229911081493
1477439430150249643,0.0018477033590897918
1477439632478695418,0.0002311659773113206
1477439527813980643,-0.0016876780427992344
1477439699888131197,0.0018266295082867146
1477439674684630857,0.0026758783496916294
1477439430200305593,0.001999263186007738
1477439498659914830,0.001556140836328268
1477439593073152275,0.0005219650338403881
1477439578671158696,0.0010262021096423268
1477439694437414203,0.0025848234072327614
1477439459854425366,0.0015946280909702182
1477439628978317356,-0.0002031968324445188
1477439575420705908,0.0007129261502996087
1477439606325113762,0.0015408946201205254
1477439687536535735,0.003828412387520075
1477439695337548640,0.0022984459064900875
1477439556668064253,0.0007709057535976171
1477439631078663365,0.0006518589216284454
1477439557568333370,0.001744359964504838
1477439585522087131,0.0017880474915727973
1477439629228250512,-0.0005128522752784193
1477439579471458538,0.0013847975060343742
1477439522563233624,0.000643547682557255
1477439629078333962,-0.0005967734614387155
1477439567619679409,0.0019327803747728467
1477439464255205747,0.0010423186467960477
1477439432451419412,-0.0001472878793720156
1477439523963479952,0.0008140546269714832
1477439464505282183,0.0009302727412432432
1477439444602274865,0.0016258745454251766
1477439644580641871,-0.00011771390563808382
1477439594823456318,0.0013042051577940583
1477439522763175387,0.001389576238580048
1477439660082682772,0.002042424865067005
1477439641680066697,-0.0009515270357951522
1477439622827336955,0.0022471067495644093
1477439630978528951,0.0009577313903719187
1477439557318146036,0.0015385628212243319
1477439493010232358,0.0003873388050124049
1477439483507870623,3.0157825676724315e-05
1477439634479020438,-6.085644417908043e-05
1477439579521360303,0.0011579993879422545
1477439591722955210,0.0025638609658926725
1477439503210590790,7.286877371370792e-05
1477439471205976313,0.0018711587181314826
1477439568119650068,0.002129968488588929
1477439578821153192,0.0013598024379462004
1477439517862735638,0.00031707974267192185
1477439415248190600,0.0018626460805535316
1477439571770194788,0.001414968864992261
1477439495259776449,0.0010443991050124168
1477439705338945486,0.0029069511219859123
1477439493509287273,6.796687375754118e-05
1477439706089266234,0.002361748367547989
1477439721091213548,0.00011366838589310646
1477439568519684848,0.00227611162699759
1477439619626939772,0.0007471870630979538
1477439502010388844,0.0011443973053246737
1477439468805738590,0.0014374684542417526
1477439466255351651,0.0018061648588627577
1477439718440731914,0.0010602215770632029
1477439587772579341,0.0030151386745274067
1477439444152132151,0.002102862112224102
1477439501610415100,0.00019907776731997728
1477439492208947076,0.0003687104908749461
1477439464555023106,0.0008479745010845363
1477439617776628905,-0.0007107260753400624
1477439494009243861,-0.00020886433776468039
1477439628278157225,-0.001373083796352148
1477439579321161618,0.0013262024149298668
1477439524215244421,-0.0005643717013299465
1477439430750393559,0.0008380308281630278
1477439526063779076,-0.0007734445389360189
1477439622577338354,0.0017746265511959791
1477439601274307709,0.0028028509113937616
1477439696287672062,0.0014621412847191095
1477439441651854476,0.00047805916983634233
1477439499659947373,0.00012615800369530916
1477439619526922059,0.0006811078637838364
1477439540465852746,-5.7602534070611e-05
1477439526813877326,-0.0020178258419036865
1477439428050138520,0.002302235458046198
1477439470705945939,0.0013753947569057345
1477439674284618432,0.0021889088675379753
1477439460054388312,0.0014336078893393278
1477439585622112288,0.0018291675951331854
1477439575170741749,0.00031928461976349354
1477439610575801011,0.003063653130084276
1477439632778739370,0.0003279253432992846
1477439719890974215,0.001607534708455205
1477439632528954824,0.0005861003301106393
1477439468255590757,0.001000056741759181
1477439530564528458,-0.001181861269287765
1477439587672501676,0.002708879765123129
1477439645730603738,0.001319066621363163
1477439564369220946,0.0021090772934257984
1477439721141183623,6.091140676289797e-06
1477439632728729401,0.000736348214559257
1477439707239183024,0.002795360516756773
1477439554967808631,0.00255965837277472
1477439471456123753,0.0025947592221200466
1477439430600349220,0.00039017345989122987
1477439420448924038,0.0005710467230528593
1477439470555982936,0.0012930925004184246
1477439694387387821,0.0024854945950210094
1477439571070193156,0.0019690555054694414
1477439709939530579,0.000731899868696928
1477439676384857193,0.0016090674325823784
1477439438151352477,0.0003463344764895737
1477439442652168956,0.0010209083557128906
1477439602574655427,0.0007213164935819805
1477439625427746337,-0.0001533888280391693
1477439624327601984,0.0016498883487656713
1477439511361659137,0.0023020312655717134
1477439714990340284,0.0011161415604874492
1477439587222335810,0.0020637814886868
1477439552167419650,0.002745763398706913
1477439517312536531,-0.0004938437486998737
1477439716490494786,0.001250348868779838
1477439525613670130,-0.00012089748634025455
1477439718790886621,0.0005944882286712527
1477439492158949848,0.0002710877452045679
1477439436651143923,0.0022150978911668062
1477439415198214548,0.0020532151684165
1477439578571203704,0.0012804603902623057
1477439409947401986,0.0009916272247210145
1477439708039554967,0.0027001211419701576
1477439572870500612,0.00031800323631614447
1477439556618097545,0.0006073424010537565
1477439570470013614,0.001220575300976634
1477439526163761141,-0.0009793111821636558
1477439524163530223,-0.0009604470105841756
1477439589222599867,0.0019927634857594967
1477439545516522010,0.0006989837856963277
1477439714590304208,9.833842341322452e-05
1477439588922614255,0.0023229015059769154
1477439713790126837,-0.001304122619330883
1477439580071342279,0.0016886170487850904
1477439515062228438,0.001689753495156765
1477439683085888571,0.0013957633636891842
1477439471257250868,0.0019358835415914655
1477439706989270688,0.0027834028005599976
1477439558118244245,0.0021412349306046963
1477439680585509042,0.0018252042355015874
1477439675784799685,0.0023411642760038376
1477439627328033488,-0.0014602381270378828
1477439589672727698,0.0020480384118855
1477439433350755869,0.00025705096777528524
1477439706389157535,0.001390999648720026
1477439464705285425,0.0010161109967157245
1477439612276046367,0.0012764317216351628
1477439562018860431,0.0016394732519984245
1477439656032004946,0.0022157803177833557
1477439718890798065,3.0209776014089584e-05
1477439464405342523,0.0006835941458120942
1477439628078165235,-0.0006690547452308238
1477439631278593228,0.0019275371450930834
1477439702988677745,0.002068496076390147
1477439627478059665,-0.0009132280247285962
1477439624677646489,0.0010915846796706319
1477439592173160391,0.0014788707485422492
1477439494459345538,9.009649511426687e-05
1477439431850559256,0.002488157944753766
1477439603474686282,0.0016051861457526684
1477439684436047545,0.0012440972495824099
1477439673684509377,0.0035216419491916895
1477439465505354502,0.0023729640524834394
1477439593723249614,0.0016467435052618384
1477439579421288019,0.0010986924171447754
1477439660882805597,0.0018117661820724607
1477439530614502177,-0.0012930467491969466
1477439660182610159,0.0016982594970613718
1477439447002549716,0.002009193180128932
1477439565269543703,0.0024428083561360836
1477439571421620230,0.0013455568114295602
1477439539515672732,0.00045018954551778734
1477439415348210401,0.0018587072845548391
1477439492559058652,0.0006287780124694109
1477439639929784177,-0.0006984504288993776
1477439412247800725,0.0022990782745182514
1477439529914293391,-0.0016228416934609413
1477439571020037015,0.0019058787729591131
1477439562518783778,0.002734696725383401
1477439613576121102,0.00011567695764824748
1477439527113943067,-0.0017961462726816535
1477439493559149678,0.00025388621725142
1477439535365093437,0.00031422945903614163
1477439511411708422,0.0026081488467752934
1477439437601257581,0.001220404403284192
1477439570720004179,0.0015966941136866808
1477439444752326882,0.001316281734034419
1477439555918001127,0.001378259272314608
1477439715740463314,0.0014119374100118876
1477439592673161431,0.0008868499426171184
1477439701238362050,0.0019424478523433208
1477439494309351827,0.00045793596655130386
1477439706339022332,0.002174386288970709
1477439497159653932,0.001381027977913618
1477439684486171660,0.0021035592071712017
1477439524413546442,-0.0011061250697821379
1477439718940915486,0.0004909561248496175
1477439627778095104,-0.0003528724191710353
1477439415048098191,0.0022282027639448643
1477439692937248527,0.001755960751324892
1477439637579482843,0.0006566565716639161
1477439711789785976,-0.0008460020180791616
1477439514312068877,0.0013652396155521274
1477439536965267400,0.00118481635581702
1477439437251296813,0.0024807369336485863
1477439564219114569,0.002226810436695814
1477439492259200013,0.0003192316507920623
1477439541115892993,-0.0010260466951876879
1477439707189199976,0.002856421982869506
1477439717690670164,0.001836983603425324
1477439412297795272,0.0020998073741793633
1477439710189615556,-0.002491951920092106
1477439625877812455,-0.0012680778745561838
1477439469055713045,0.0006462227320298553
1477439624477619705,0.0014116734964773059
1477439494859323919,0.00035760411992669106
1477439617276672084,-0.0019128364510834217
1477439459354592485,0.0022770261857658625
1477439523913477674,6.209441926330328e-05
1477439591822971483,0.0020558559335768223
1477439571320129850,0.0014213044196367264
1477439491259027572,0.0008277673041447997
1477439511311694386,0.0023911683820188046
1477439412147656355,0.0018850513733923435
1477439507311093182,0.001295582391321659
1477439580371425209,0.0014744154177606106
1477439437851357468,0.0013799313455820084
1477439429650383255,0.0016857776790857315
1477439569619904833,0.0014714817516505718
1477439420498887410,0.0009057011920958757
1477439438652840366,0.0003563079226296395
1477439526363773398,-0.0012141790939494967
1477439618926992970,0.0002514246734790504
1477439432300543162,0.0008403699612244964
1477439495009348583,0.0002091695787385106
1477439578921159086,0.0012600874761119485
1477439498159778779,0.0004238446708768606
1477439625477798145,-0.0012493038084357977
1477439719540937414,0.0009781273547559977
1477439620777159402,0.001651147031225264
1477439626227922577,-0.0004107452114112675
1477439468355623114,0.0015081895980983973
1477439608875448241,-0.00019162485841661692
1477439437301427049,0.0015819391701370478
1477439503410527132,0.0002890398318413645
1477439711739895996,-0.0014895667554810643
1477439442002135597,0.0006975018186494708
1477439441901911189,0.0011087985476478934
1477439507210942481,0.0011635508853942156
1477439606575172646,0.0016392788384109735
1477439560668575596,0.0034467135556042194
1477439420698942116,0.0012608084362000227
1477439596473757982,0.0009239871287718415
1477439674984706485,0.0021239621564745903
1477439660232597977,0.0015606879023835063
1477439471606109292,0.0026976275257766247
1477439524264887256,0.0004077140474691987
1477439555267878972,0.0018108708318322897
1477439721291378540,0.00045850640162825584
1477439646180618494,0.001649764133617282
1477439470956821969,0.0018107063369825482
1477439565169323842,0.002286940813064575
1477439536465292848,0.0005021294928155839
1477439624177521190,0.000756299588829279
1477439637979461359,-0.0010041672503575683
1477439627428008420,-0.0007635799702256918
1477439441751861846,0.0023235154803842306
1477439683935999054,0.0009159728651866317
1477439594873416171,0.0011306129163131118
1477439525813697330,-0.0003606956161092967
1477439528314063776,-0.0020943437702953815
1477439493359195185,0.00022671371698379517
1477439567269590076,0.0017605848843231797
1477439528814160186,-0.0017379176570102572
1477439460305278272,0.0017150349449366331
1477439417448552486,-0.0009962694020941854
1477439518262637216,0.001692695659585297
1477439553717655819,0.0028218755032867193
1477439719741829587,0.0012515638954937458
1477439472656276218,0.0022967359982430935
1477439595273577110,0.0027341567911207676
1477439636979361697,0.0007568688597530127
1477439683035895148,0.0014545191079378128
1477439718740843503,0.00025119632482528687
1477439630478618645,0.0002539257111493498
1477439685136123662,0.0012153021525591612
1477439458154145726,0.0014341841451823711
1477439592523189596,0.001048763864673674
1477439572220163953,0.0007898089243099093
1477439465405624441,0.002526315161958337
1477439510461582110,0.0005054231733083725
1477439570570041147,0.0011607889318838716
1477439573420442647,0.0003063561744056642
1477439530414348738,-0.0009732744074426591
1477439499910049736,6.224645767360926e-05
1477439600974380980,0.003146389964967966
1477439491908965288,0.0003309675958007574
1477439553567757010,0.0014800629578530788
1477439569719884467,0.0013662370620295405
1477439499710205425,-6.549915997311473e-05
1477439515262260841,0.0019362806342542171
1477439415098195103,0.0020145848393440247
1477439438751468056,0.0007285541505552828
1477439596573772986,0.0012279755901545286
1477439445502457449,0.001421599299646914
1477439626328146655,-0.0005095634842291474
1477439533464772809,-0.000608846137765795
1477439608975455240,0.0009152581915259361
1477439539315639905,0.0006481508025899529
1477439591072875062,0.0013660519616678357
1477439443502248668,-3.032467793673277e-05
1477439579721318471,0.0015161132905632257
1477439530764387887,-0.001413355814293027
1477439609175480251,0.0019545082468539476
1477439704438815796,0.0014438016805797815
1477439570770050746,0.001698795473203063
1477439571570237231,0.0013690238120034337
1477439660432776973,0.0019288777839392424
1477439464755122079,0.0018086229683831334
1477439428200095122,0.0018646675162017345
1477439442352130268,7.683411240577698e-09
1477439571720276890,0.0016962963854894042
1477439717890656392,0.0013646917650476098
1477439715290328358,0.0007443275535479188
1477439683186013616,0.0011746562086045742
1477439674884717055,0.0020384062081575394
1477439632578712088,0.0009382005082443357
1477439612976057295,0.0006548138335347176
1477439592823105017,0.0018684692913666368
1477439527363977634,-0.0018703696550801396
1477439541315888867,-0.0004677431716118008
1477439460504512929,0.001973359379917383
1477439683735927222,0.0014715961879119277
1477439675084737580,0.0024177473969757557
1477439551317299791,0.002818067092448473
1477439468005561573,0.001527530374005437
1477439609975532059,0.002191394567489624
1477439694137323140,0.0020368413534015417
1477439426999812384,0.0015851535135880113
1477439562718879272,0.0024922629818320274
1477439717590596749,0.0021523036994040012
1477439414348140167,0.0031392890959978104
1477439417998758214,-0.0004831798141822219
1477439686236307139,0.0022826017811894417
1477439628528199911,-0.00015848351176828146
1477439575370848436,0.00035568454768508673
1477439560768623855,0.0033969562500715256
1477439675284927632,0.0027497438713908195
1477439677585166568,0.0005847087595611811
1477439437501522546,0.0012438963167369366
1477439720591197259,0.0006599650951102376
1477439526663801856,-0.001364363357424736
1477439416748537894,0.0005326220998540521
1477439435751164412,0.0016078525222837925
1477439631328762256,0.0014706817455589771
1477439651181448428,0.0013683359138667583
1477439464605261578,0.0007231282070279121
1477439471856163177,0.0026469852309674025
1477439560618574902,0.0033852308988571167
1477439437701312418,0.00047739112051203847
1477439516212392177,0.0007527752895839512
1477439445902890021,0.0012326380237936974
1477439717640966738,0.0021210070699453354
1477439502560464064,0.0008589419303461909
1477439530364411830,-0.0010029965778812766
1477439534614977588,-0.0008564157178625464
1477439719640918549,0.001547185005620122
1477439539765710380,0.0012100765015929937
1477439468955722356,0.0006668386049568653
1477439565819357750,0.0021797192748636007
1477439708089303569,0.0032005724497139454
1477439697187778837,6.160291377454996e-06
1477439629128231233,-0.0001321499003097415
1477439414398397066,0.0020017395727336407
1477439516062315904,0.0005736754392273724
1477439409897659573,0.0011040967656299472
1477439628328181059,-0.00084899109788239
1477439493909217364,0.00020404497627168894
1477439587472361398,0.0019191033206880093
1477439624277543287,0.002694997936487198
1477439713140021515,-0.002714524744078517
1477439588172568875,0.0024201993364840746
1477439437101288954,0.002583766356110573
1477439565569271288,0.001910372986458242
1477439721341250036,0.00025219254894182086
1477439465105146655,0.0019166781567037106
1477439447253662783,0.001159056555479765
1477439483607874979,0.0024426947347819805
1477439715840388767,0.0014853288885205984
1477439494659283280,0.00044503784738481045
1477439438251372308,-0.0002609788498375565
1477439412398139308,0.0016738101840019226
1477439693387489249,0.00265181134454906
1477439567969610639,0.0019446369260549545
1477439475407815489,0.0011317799799144268
1477439522713328267,0.001521348487585783
1477439705388930695,0.0031807413324713707
1477439461004722252,0.00187795446254313
1477439611225711760,0.003036417067050934
1477439611576691374,0.0027130162343382835
1477439429300180643,0.0019496659515425563
1477439628828297589,-0.0001929296413436532
1477439524613577949,-0.001481956453062594
1477439416548468747,0.0007418107707053423
1477439671384175685,0.00039071921491995454
1477439609775502970,0.0022956514731049538
1477439572420268672,0.000901760533452034
1477439494109250232,-0.0009784532012417912
1477439443302113325,0.00015376583905890584
1477439585422082805,0.0022207193542271852
1477439436051105989,0.0023621851578354836
1477439676684889464,0.0017509714234620333
1477439427950147161,0.0019029867835342884
1477439496459606909,7.839151658117771e-05
1477439555317967782,0.0018543378682807088
1477439419899433088,0.0003585629165172577
1477439500860184573,0.0008922872366383672
1477439706839334260,0.000615948811173439
1477439540965824579,-8.693372365087271e-05
1477439587822449600,0.002483413554728031
1477439717940757108,0.0012914573308080435
1477439575670754613,0.00020023609977215528
1477439436801173575,0.0033364880364388227
1477439630428405089,6.440322613343596e-05
1477439434150883970,0.0018677242333069444
1477439667983779372,0.0009896416449919343
1477439716790487224,0.0018401519628241658
1477439696187650227,0.002031210344284773
1477439626427855998,-0.00042296649189665914
1477439494809313999,0.00045466399751603603
1477439503360557231,-0.00011098873801529408
1477439674584672047,0.0023943642154335976
1477439680785485841,0.0024134591221809387
1477439501560279298,-4.801590694114566e-05
1477439717090601599,0.002002445049583912
1477439446502505393,0.0007915677269920707
1477439472106168980,0.0021926257759332657
1477439460854609000,0.0018381872214376926
1477439586572248771,0.0011029369197785854
1477439471006009089,0.0013301018625497818
1477439717790620803,0.0013682603603228927
1477439630678486310,0.000132913381094113
1477439429900248557,0.0016067905817180872
1477439713840240791,-0.0017591093201190233
1477439617526597366,-0.0013001352781429887
1477439568069776726,0.0020425193943083286
1477439522213799313,0.001400125678628683
1477439586622359159,0.000841547385789454
1477439633478901912,0.0008469283347949386
1477439464805123758,0.0013181387912482023
1477439556768030240,0.001332838786765933
1477439534765028818,-0.0007333096582442522
1477439608576917552,0.0029318283777683973
1477439442902104787,0.0009542208281345665
1477439695287534361,0.002809290774166584
1477439442402249750,0.0004668250912800431
1477439631378602239,0.0017525365110486746
1477439571520167314,0.0012114751152694225
1477439516812517211,0.0002759241033345461
1477439713390199492,-0.0021177211310714483
1477439630028483027,0.0004596147045958787
1477439529664281193,-0.0011895392090082169
1477439671434163414,0.0009824589360505342
1477439553617641089,0.0014131180942058563
1477439457904206989,0.0016402914188802242
1477439465805277079,0.0027644336223602295
1477439606225020262,0.0013196145882830024
1477439557719620946,0.0017313151620328426
1477439587422467896,0.0020315819419920444
1477439458004239727,0.0018095471896231174
1477439555668101927,0.0013639195822179317
1477439447752699077,0.002046245615929365
1477439494259229082,-4.0870741941034794e-05
1477439575220631239,0.0004975881311111152
1477439527263957356,-0.0020989973563700914
1477439718990791555,0.0010875803418457508
1477439616076466602,-0.0018949839286506176
1477439592423184838,0.0008987631881609559
1477439495609481729,0.0004938579513691366
1477439444903864383,0.0003506851498968899
1477439502710514590,0.0012459331192076206
1477439436601131597,0.0017220157897099853
1477439427049860404,0.0016740219434723258
1477439464155200863,0.0007034479640424252
1477439459954444772,0.0016166490968316793
1477439565919359412,0.0020441727247089148
1477439603224704908,0.0007090780418366194
1477439592773090470,0.0013080684002488852
1477439697137782458,0.0016536858165636659
1477439545816609082,0.00047275004908442497
1477439585672230364,0.0013775343541055918
1477439716690606857,0.0018272229935973883
1477439437651388346,0.001062473515048623
1477439525463696859,-0.00021827168529853225
1477439569219849140,0.0019703558646142483
1477439501410295082,-0.00021488056518137455
1477439697937967423,0.0011967449681833386
1477439603174631229,0.000954548770096153
1477439707339452522,0.00233450997620821
1477439526263778884,-0.0005204126937314868
1477439441301874817,0.0010286822216585279
1477439414448162533,0.002096516778692603
1477439714340236156,0.0004387205117382109
1477439701138358903,0.0018598702736198902
1477439713440068140,-0.0022598241921514273
1477439620727038743,0.0012120301835238934
1477439617626660625,-0.001343242242000997
1477439497709743348,0.0005362513475120068
1477439471706130486,0.0022193037439137697
1477439442301966413,0.0005448265583254397
1477439591473047087,0.0020424644462764263
1477439438001585720,0.0008911634213291109
1477439704538944128,0.002057689242064953
1477439693637281966,0.0028505788650363684
1477439701588654989,0.0030528479255735874
1477439635579238681,0.00028572449809871614
1477439438051367875,0.00010512594599276781
1477439500810152555,0.0007903146906755865
1477439442602008072,0.00021360756363719702
1477439716841486896,0.0017401459626853466
1477439527213951955,-0.0021078467834740877
1477439569669900491,0.0014118782710283995
1477439713290182486,-0.0031825958285480738
1477439562218778460,0.002371359383687377
1477439729042272379,0.0002076213713735342
1477439585722119104,0.0011534608202055097
1477439713990145364,-0.0014256879221647978
1477439569369829700,0.0016879095928743482
1477439514412095198,0.0004635194200091064
1477439632678816968,0.0011666979407891631
1477439525713675263,6.812464562244713e-05
1477439634529059447,-0.0004865358641836792
1477439465355317498,0.002855880418792367
1477439644530506041,-0.0003444093745201826
1477439703138616583,0.0016135883051902056
1477439635729150342,0.000848684343509376
1477439441801870246,0.0012559212045744061
1477439631228585871,0.0013792399549856782
1477439468305623072,0.0011254640994593501
1477439722391331372,0.000636772601865232
1477439560368556887,0.003391225589439273
1477439730342400012,0.0005181194865144789
1477439625777833752,-0.0016315238317474723
1477439587122309458,0.0020030932500958443
1477439645830616950,0.0010472601279616356
1477439441951901877,0.00067997130099684
1477439528614137425,-0.0020758132450282574
1477439716940557066,0.0015336854849010706
1477439571220120753,0.0015323215629905462
1477439706739089024,0.0009238721104338765
1477439593423332338,0.000720801530405879
1477439715640456309,0.0007043873192742467
1477439693437321813,0.0030282719526439905
1477439690786879096,0.0018639392219483852
1477439460204452909,0.0017342157661914825
1477439443652208311,0.00045666651567444205
1477439717040576116,0.0023798085749149323
1477439567669565103,0.0019138482166454196
1477439535065001842,-7.153418846428394e-05
1477439436851224775,0.0029203591402620077
1477439527713969792,-0.0019947527907788754
1477439485708029340,0.0011297132587060332
1477439527063951503,-0.0018046533223241568
1477439485658031609,0.0007500252104364336
1477439570119976480,0.0008997733239084482
1477439525913709270,-0.0007436071173287928
1477439555217822480,0.0019829291850328445
1477439619876958793,0.00021395471412688494
1477439463905610162,-0.0001247506297659129
1477439708189316951,0.0032045154366642237
1477439603124691820,0.0016720314742997289
1477439675834963552,0.002650707960128784
1477439494513214066,0.00046165508683770895
1477439468905774237,0.0012991453986614943
1477439545016394889,-0.0006708513246849179
1477439631478759838,0.001501240418292582
1477439615126375656,-0.001165216788649559
1477439441201837813,0.0012281148228794336
1477439554917780036,0.0030350671149790287
1477439551967383778,0.0026893382892012596
1477439646630749439,0.0009840201819315553
1477439595323459411,0.002226780168712139
1477439500560175132,0.0005811157170683146
1477439610375747058,0.0024408595636487007
1477439460154450147,0.0016436624573543668
1477439729292505455,0.00038586038863286376
1477439494909331704,-3.84568702429533e-05
1477439567919659560,0.0020358064211905003
1477439586672254472,0.0009678175556473434
1477439446452648981,0.0012912083184346557
1477439596173714786,-0.00018912728410214186
1477439472606288138,0.002362331375479698
1477439466155359718,0.0025349422357976437
1477439569869874174,0.0012103768531233072
1477439600824297844,0.0027357726357877254
1477439719090998163,0.0010986006818711758
1477439552067391260,0.0019750045612454414
1477439591622940107,0.0014313453575596213
1477439617326678702,-0.0015083003090694547
1477439436751241773,0.0031407438218593597
1477439528514167327,-0.002235093154013157
1477439420749057480,0.0019789966754615307
1477439700888406395,0.001995466649532318
1477439637829453523,-9.020697325468063e-05
1477439410047429174,0.0013613912742584944
1477439554317818120,0.0027230526320636272
1477439496759669735,0.00016751827206462622
1477439539666087238,0.0005078866379335523
1477439523813461207,0.0006326239090412855
1477439429800232179,0.0012940892484039068
1477439645880651190,0.0012223038356751204
1477439580271400060,0.0014408354181796312
1477439411847720426,0.002288100542500615
1477439621027084799,0.0017633752431720495
1477439629928343709,0.0009516192367300391
1477439710039611064,-0.0010565570555627346
1477439516462391306,0.0012878119014203548
1477439634829225745,-0.0004229581099934876
1477439656232035886,0.003245788626372814
1477439435301028057,0.00019768730271607637
1477439433950861778,0.0007643586723133922
1477439645130463148,0.00019695470109581947
1477439553217581377,0.001800734200514853
1477439628378177805,-0.0006245164549909532
1477439459904426537,0.0015314717311412096
1477439633078785523,0.0016800868324935436
1477439507411142545,0.0008859424851834774
1477439651381531093,0.0010095403995364904
1477439467905546771,0.0016063243383541703
1477439561568892423,0.0021360989194363356
1477439570270060376,0.0015100828604772687
1477439556119334445,0.001262441510334611
1477439702888655406,0.0027096206322312355
1477439585272101266,0.0018502078019082546
1477439573820487307,0.0007639073301106691
1477439708489445902,0.001074216328561306
1477439420399091450,0.0008414690964855254
1477439552817422450,0.00226454995572567
1477439624377684003,0.0010860806796699762
1477439675534968744,0.002926128450781107
1477439651631376973,0.0009298435761593282
1477439566119475183,0.0021775327622890472
1477439630378442627,0.0003794419171754271
1477439534564867507,-0.0012642593355849385
1477439466905608642,0.0012260549701750278
1477439470855955687,0.0017528121825307608
1477439524013507367,-0.00020496919751167297
1477439551217276087,0.003240203019231558
1477439543016154095,-0.00039988066419027746
1477439705788952963,0.00260971300303936
1477439442451971451,0.00030984508339315653
1477439706439038648,0.0009173219441436231
1477439686736288568,0.00260502309538424
1477439609125522733,0.0022551247384399176
1477439637479475524,0.00014148012269288301
1477439534665002848,-0.000577008118852973
1477439433650801789,0.000665130908600986
1477439436301155493,0.001148854149505496
1477439636929393158,0.0010466447565704584
1477439574220770643,0.0006824630545452237
1477439697287861452,0.00023766374215483665
1477439609025412047,0.0013216405641287565
1477439461154664833,0.0021114416886121035
1477439642680265280,-0.0006104187341406941
1477439419748871031,0.0005233794800005853
1477439467455500373,0.0016359011642634869
1477439620927073087,0.000924144231248647
1477439524064855057,-0.00038220809074118733
1477439433200710647,0.00020946553559042513
1477439467555579136,0.001880419673398137
1477439633028777531,0.0015768165467306972
1477439430500348005,0.001049005426466465
1477439717740986047,0.0017338290344923735
1477439720691160363,0.00012292905012145638
1477439417348506633,3.402083530090749e-05
1477439593773379608,0.0014693650882691145
1477439628778251539,0.00032844149973243475
1477439518062596023,-0.00020990491611883044
1477439608775356361,0.0020338441245257854
1477439674734667380,0.001938684144988656
1477439570519976630,0.001164751360192895
1477439563719040836,0.002916289959102869
1477439608625392609,0.002235081512480974
1477439552767510773,0.0021435830276459455
1477439548066824090,-0.00033326761331409216
1477439716590433080,0.0016582973767071962
1477439627277975395,-0.000994148664176464
1477439503610622493,0.0006450506043620408
1477439428800044855,0.002254999941214919
1477439540265680569,0.00042420701356604695
1477439597323736682,0.0050016241148114204
1477439438551418988,0.0001333450200036168
1477439618477518780,-0.00047163909766823053
1477439472506286862,0.002862044610083103
1477439441351870124,0.0017637214623391628
1477439441151787774,0.0016380737069994211
1477439594273364918,0.001584189129061997
1477439525763741629,-0.0002660189347807318
1477439499760014534,0.00019538821652531624
1477439440001606740,0.0012993952259421349
1477439459754434780,0.001543853315524757
1477439564619129577,0.0019510696874931455
1477439567419586559,0.001795402611605823
1477439506961034472,0.0004462654469534755
1477439610625718495,0.0028708672616630793
1477439562668924321,0.0028132079169154167
1477439623077508646,0.002070027869194746
1477439624077525568,0.0012871529906988144
1477439626277830632,-0.0005627479404211044
1477439414498105906,0.0025818725116550922
1477439484358970115,0.0008265174692496657
1477439444202198883,0.0017145094461739063
1477439609625696337,0.0026642736047506332
1477439610275700249,0.0028465143404901028
1477439605874959122,0.0009502751054242253
1477439627628062375,-0.0006546990480273962
1477439434950960652,0.001734265242703259
1477439630528489505,0.0002256261504953727
1477439497209644635,0.0007274442468769848
1477439557118107672,0.0016679508844390512
1477439420798938879,0.0020730718970298767
1477439622627383791,0.0015223650261759758
1477439516362408812,0.0009097732254303992
1477439440801824044,0.002049502916634083
1477439443752098540,0.0009392974898219109
1477439557518156696,0.0014362456277012825
1477439442952246762,0.0005459780804812908
1477439501010200410,0.0004032583092339337
1477439601374379730,0.0016158830840140581
1477439574920600196,-7.130258018150926e-05
1477439557668116667,0.0017595365643501282
1477439535315089559,1.715507823973894e-05
1477439501960331550,0.0013618494849652052
1477439684386048750,0.00039377552457153797
1477439622227442194,0.0012590901460498571
1477439701388393297,0.0027314480394124985
1477439606475163060,0.0018468380440026522
1477439572770313763,0.001013409812003374
1477439444702537807,0.001220811391249299
1477439708439352074,0.0021238515619188547
1477439612476033346,0.001183358021080494
1477439472706348478,0.0028397098649293184
1477439630928583621,0.00076066586188972
1477439592623190853,0.000986389466561377
1477439514462138140,0.0012555286521092057
1477439676284980743,0.0017454898916184902
1477439412447678059,0.0018114978447556496
1477439686786400273,0.0023887851275503635
1477439525363713156,-0.0002947478787973523
1477439492859134661,0.0009463122114539146
1477439525213677236,-0.00013874599244445562
1477439592873248797,0.0022853463888168335
1477439671234134034,0.00035264104371890426
1477439594323498632,0.0010803764453157783
1477439418398655766,0.00020414043683558702
1477439447302824168,0.0015916386619210243
1477439630178390055,0.0007587666623294353
1477439673884525951,0.0038848454132676125
1477439441251807392,0.0014773065922781825
1477439587872533459,0.002822620328515768
1477439573870437760,0.0005941675044596195
1477439539715884262,0.0007767929928377271
1477439571270156100,0.001529871136881411
1477439716090452313,0.0008604595204815269
1477439675184887587,0.0031281127594411373
1477439522463242570,0.001209949841722846
1477439630578852729,2.722084173001349e-05
1477439496809646225,0.0008096183883026242
1477439552267484505,0.00258792657405138
1477439511461711071,0.002699514152482152
1477439637429450888,0.00020594894886016846
1477439430250259127,0.0021294616162776947
1477439496409645304,0.0007584748091176152
1477439675484927090,0.0028594196774065495
1477439502460468218,0.0012437035329639912
1477439437001197938,0.002405238803476095
1477439526413848076,-0.0013032244751229882
1477439525863755209,-0.0005682777846232057
1477439564769217304,0.002171185100451112
1477439574020527434,0.0007194014033302665
1477439696487738344,0.00230487622320652
1477439677685050489,0.00087991904001683
1477439554217796406,0.00296317832544446
1477439706489259086,0.0015339225064963102
1477439499160015499,0.003069215454161167
1477439464205213661,0.0005958806723356247
1477439707389242693,0.0034821268636733294
1477439677435056931,0.0002483939751982689
1477439690586876482,0.002070677001029253
1477439472756168657,0.0030482609290629625
1477439657982341040,0.0021683534141629934
1477439492959124658,0.00032013573218137026
1477439503460557041,6.331040640361607e-05
1477439596125238525,0.00034992280416190624
1477439492759079866,0.0005875100614503026
1477439625327745388,-0.0004085253458470106
1477439622677371112,0.0015973405679687858
1477439574070534016,0.0008858576184138656
1477439625827837941,-0.0015667594270780683
1477439441851885439,0.0008989404886960983
1477439552417419604,0.0023499191738665104
1477439524563522518,-0.0014019506052136421
1477439610675829492,0.002503711264580488
1477439433400709979,0.0011591438669711351
1477439491408954699,0.001000820193439722
1477439674634620442,0.002499739872291684
1477439458104171951,0.0014667795039713383
1477439572520271840,0.0003005473408848047
1477439535715146626,0.0007252009818330407
1477439494059208132,0.00024231860879808664
1477439716240405748,0.00012217368930578232
1477439468705748627,0.0009394627995789051
1477439718240636008,0.0016208706656470895
1477439696987790535,0.0015557382721453905
1477439539865723872,0.0008255923166871071
1477439507261129189,0.0009176726453006268
1477439706189343729,0.0024445082526654005
1477439635529105273,0.00014668336370959878
1477439429600204400,0.0017126412130892277
1477439699488191186,0.0023896838538348675
1477439634329025629,0.0005315050366334617
1477439714790333157,0.0006321342079900205
1477439498259884633,0.00012477545533329248
1477439419848907304,0.0006428812048397958
1477439516562439687,2.8513954021036625e-05
1477439542866043371,-0.00024869543267413974
1477439564269193200,0.002093044575303793
1477439492058925674,0.00036538788117468357
1477439713240032386,-0.0029973406344652176
1477439674334706189,0.0020186426118016243
1477439457954202282,0.0014273651177063584
1477439511261721348,0.0022371148224920034
1477439461904757797,0.0016241134144365788
1477439700138305847,0.00167158804833889
1477439517962580599,0.00014394444588106126
1477439704688924345,0.0018748578149825335
1477439588722644382,0.00249786046333611
1477439464855334132,0.002178624738007784
1477439542766026675,-2.4617846065666527e-05
1477439539815604451,0.0007904669037088752
1477439634178934452,0.0008079474791884422
1477439443252085390,-0.0001469713170081377
1477439719691164065,0.0013644788414239883
1477439701488386100,0.0025187181308865547
1477439553017689278,0.0016778915887698531
1477439535415096261,0.0007452626596204937
1477439628128233954,-0.0006704392144456506
1477439704488829246,0.0021983005572110415
1477439675134961963,0.002622237429022789
1477439461104660768,0.0019411930115893483
1477439610325635537,0.0020903577096760273
1477439557018067900,0.0016334860119968653
1477439591522936533,0.001604354358278215
1477439552517521821,0.0024251078721135855
1477439719190833338,0.0013519915519282222
1477439438501586841,0.0006291490281000733
1477439719440908892,0.0012637905310839415
1477439629028219713,-0.0004496987094171345
1477439627878122472,-0.000599910446908325
1477439611625922796,0.0025558313354849815
1477439516312418581,0.0012962499167770147
1477439491708877181,0.0012515807757154107
1477439516412409859,0.0012777891242876649
1477439588572514436,0.002366938628256321
1477439618576864654,-0.0006722427206113935
1477439541565896954,-0.00109852384775877
1477439495159419829,1.1753407306969166e-05
1477439443552146877,0.00010399281745776534
1477439625127667118,0.0001431710843462497
1477439675734983414,0.0021426291204988956
1477439491458868316,0.0013650867622345686
1477439445452394152,0.0010042055509984493
1477439536265276254,0.00025691790506243706
1477439436501253144,0.002583341207355261
1477439466955611046,0.0017211390659213066
1477439651281440901,0.0012283788528293371
1477439591773036651,0.002574414946138859
1477439534714994771,-0.0005182517343200743
1477439706889068959,0.002126102801412344
1477439568619696134,0.002568332478404045
1477439587022315135,0.0018418993568047881
1477439524513575141,-0.001321817166171968
1477439418548690177,-0.0003051387029699981
1477439588272555606,0.0015632053837180138
1477439466655419428,0.0005891148466616869
1477439470505894100,0.0009790934855118394
1477439702488601754,0.0018457404803484678
1477439719591071873,0.0013400953030213714
1477439460554503463,0.002165441866964102
1477439630628514200,0.00021828025637660176
1477439620076957223,0.002233433537185192
1477439515112264884,0.0016902671195566654
1477439526313913736,-0.0008959608967415988
1477439540815789637,0.0004047249094583094
1477439429850267347,0.0012457991251721978
1477439436151300211,0.0023230398073792458
1477439718390961025,0.0009135539876297116
1477439488208413308,0.00198595249094069
1477439467055620586,0.0016772209201008081
1477439472406266289,0.0024308920837938786
1477439556518032302,0.0005924620199948549
1477439703238621055,0.0026295683346688747
1477439705639050515,0.0032737450674176216
1477439695737571188,0.001965736038982868
1477439441101794078,0.0011397533817216754
1477439436451199605,0.00278203166089952
1477439539565616293,0.0010882014175876975
1477439690086836180,0.002057285513728857
1477439697337886794,4.265987081453204e-05
1477439552368966969,0.002264301059767604
1477439691637000898,0.001303748693317175
1477439596423619143,0.001265229657292366
1477439579221182412,0.001183834159746766
1477439534814988654,-0.0005106379394419491
1477439562568912412,0.0027961526066064835
1477439524663655074,-0.0016469609690830112
1477439499359973869,0.0007878304459154606
1477439496309592654,0.0006273621111176908
1477439438451427728,0.001436859369277954
1477439448202757854,0.002219349378719926
1477439696387770852,0.0013241234701126814
1477439494409334946,9.872170630842447e-05
1477439420849051797,0.002432799432426691
1477439433850856855,0.0014248950174078345
1477439719990986620,0.0011875967029482126
1477439612576029967,0.0016823519254103303
1477439473206293876,0.0035354618448764086
1477439707539230860,0.00258104270324111
1477439502760434602,0.0009190846467390656
1477439541215873616,-0.0012586332159116864
1477439625577791022,-0.0014351442223414779
1477439697987918892,0.001542863785289228
1477439536365176022,0.0011289846152067184
1477439628178104161,-0.000895241042599082
1477439530064288317,-0.0012286559212952852
1477439695437797755,0.0018769429298117757
1477439619576964921,0.00031488423701375723
1477439706939228376,0.0021897386759519577
1477439555067914698,0.002219750313088298
1477439472806291085,0.003279843833297491
1477439704288766539,0.0008635327685624361
1477439678085963707,0.0012373249046504498
1477439694537490851,0.0027037211693823338
1477439718190726004,0.0018856206443160772
1477439720841068971,0.0008372013689950109
1477439476806803755,0.0008542563882656395
1477439714440204288,0.0009088653605431318
1477439516712397492,0.00013084668898954988
1477439471055986170,0.0007442370988428593
1477439434801065850,0.0003302435507066548
1477439575470870125,0.0003893498796969652
1477439595223450053,0.002423872472718358
1477439579771264335,0.0018753247568383813
1477439568319657652,0.0020085666328668594
1477439593623227685,0.0007069894927553833
1477439443702154743,0.001169009949080646
1477439623027621093,0.0021895491518080235
1477439623977506585,0.00167479133233428
1477439445352382808,0.0005697214510291815
1477439675584764344,0.002407761989161372
1477439588222459401,0.002456977032124996
1477439571170195481,0.0016521794022992253
1477439626628060354,-0.0005175175028853118
1477439587522492314,0.002308713272213936
1477439465455290219,0.0025092042051255703
1477439533514798573,-0.0008401010418310761
1477439643780358920,-0.00022681726841256022
1477439553067632424,0.0016116066835820675
1477439570319983169,0.00163195317145437
1477439603724776834,0.0002424648846499622
1477439704188785436,0.001250825822353363
1477439572720369298,0.0008641100721433759
1477439464905131250,0.0021002080757170916
1477439420548945242,0.00044219818664714694
1477439471506093911,0.0026107430458068848
1477439432350544052,0.0001917054469231516
1477439432250599295,0.0006777894450351596
1477439627828076581,-0.00022198929218575358
1477439716390478479,0.0010067187249660492
1477439602974539301,0.00108996476046741
1477439615026239378,-0.000649793422780931
1477439700338192339,0.001288614934310317
1477439502910526895,0.00042690677219070494
1477439564069067570,0.002407331019639969
1477439420949001087,0.002606728347018361
1477439675636353925,0.0020517511293292046
1477439562418789598,0.0023086490109562874
1477439575120643769,0.00033519609132781625
1477439564719237865,0.0022957229521125555
1477439589022688072,0.0021297605708241463
1477439483707893464,0.001093731028959155
1477439437551345512,0.0008405745029449463
1477439447702891603,0.0025186617858707905
1477439526863887827,-0.0017154066590592265
1477439694187414832,0.0016922252252697945
1477439715090374359,0.0006428892374970019
1477439631128505358,0.0006090552778914571
1477439591322940969,0.002479507587850094
1477439632278666686,0.00023821087961550802
1477439700438190556,0.001777270925231278
1477439682985873290,0.0014520863769575953
1477439586322318092,0.0010407766094431281
1477439465305191183,0.0026493403129279613
1477439493609196825,-0.00019471999257802963
1477439673734483601,0.003761810250580311
1477439716890521898,0.0014474892523139715
1477439616026419258,-0.0024342183023691177
1477439435000995917,0.0014451846946030855
1477439730292424573,0.0002886122092604637
1477439529214232401,-0.0005248626112006605
1477439445752415037,0.002126525854691863
1477439494159223334,-0.000142499222420156
1477439496559609444,0.0013225795701146126
1477439442502012662,0.0006683970568701625
1477439527313979687,-0.0019314598757773638
1477439708989759885,-0.0008851371239870787
1477439711689766733,-0.0011942950077354908
1477439695787618939,0.002847106661647558
1477439524963629729,-0.0007486854447051883
1477439627027926403,0.0002617286518216133
1477439697237967297,0.0001718653365969658
1477439620877220542,0.0014080951223149896
1477439627928095449,-0.0007235793163999915
1477439561619566812,0.0020672143436968327
1477439606425052481,0.0010488482657819986
1477439611675833786,0.0031115913297981024
1477439570169940989,0.0012963252374902368
1477439492459035045,0.0009046047343872488
1477439511212147142,0.002179308794438839
1477439465755483282,0.0026965022552758455
1477439429750368395,0.001172519288957119
1477439409597430329,0.0003442156012170017
1477439523463491434,0.0017975224182009697
1477439555017771297,0.002242680173367262
1477439568919751961,0.0025661936961114407
1477439501510390708,-1.0602874681353569e-05
1477439496010252819,0.0009149559773504734
1477439510661605572,0.0009043541504070163
1477439569269828165,0.001561155542731285
1477439713190162663,-0.002645170083269477
1477439588772566972,0.0025894069112837315
1477439570670046925,0.0015889958012849092
1477439501810354088,0.0016500921919941902
1477439430000345484,0.0013923426158726215
1477439541515917724,-0.0010208995081484318
1477439558168320764,0.0022514129523187876
1477439420648972035,0.001320625189691782
1477439616776596719,-0.002163474215194583
1477439721041345518,0.00025014765560626984
1477439719391040586,0.0013823467306792736
1477439640079838029,-0.0013077828334644437
1477439437401443520,0.0013109967112541199
1477439620827048336,0.002156231552362442
1477439495359483093,0.0013926762621849775
1477439557468168547,0.0012145413784310222
1477439700788325162,0.0018496728735044599
1477439595523492849,0.0018094719853252172
1477439622077429446,0.0011649589287117124
1477439573970454308,0.000754048116505146
1477439574120584382,0.0007995800115168095
1477439465255205961,0.002403128892183304
1477439602524484924,0.0007370152161456645
1477439587372343438,0.002612501382827759
1477439436201218263,0.0015895315445959568
1477439701688394418,0.003331079613417387
1477439651681509457,0.0008050333708524704
1477439461054650596,0.002065443666651845
1477439687586441027,0.003957695327699184
1477439556417985628,0.0011886530555784702
1477439410247609723,0.0013892148854210973
1477439706689201055,0.0013892099959775805
1477439573670409227,0.0007822533370926976
1477439707589507373,0.003568833926692605
1477439417748592235,-0.0003954737330786884
1477439588872656557,0.0022309068590402603
1477439571120638248,0.0020340420305728912
1477439622727466889,0.001190283102914691
1477439605924965217,0.0010787987848743796
1477439710489649345,-0.0018215158488601446
1477439578621181009,0.0012874166714027524
1477439572320254546,0.0006824193987995386
1477439718340697371,0.001284248661249876
1477439562068840619,0.001711263321340084
1477439515712319587,0.0015265605179592967
1477439660532628106,0.0009824685985222459
1477439564469175298,0.001986915245652199
1477439517762623539,0.0006729831802658737
1477439568969790109,0.002534661442041397
1477439589272673661,0.0023491238243877888
1477439444452235241,0.000643170322291553
1477439433750799801,0.0011604453902691603
1477439694487521680,0.003002678509801626
1477439718590862022,0.0015205671079456806
1477439505960898958,0.00022630213061347604
1477439441701871513,-0.00010654024663381279
1477439464955358214,0.0017668887740001082
1477439629878452865,0.0011776224710047245
1477439591373021857,0.0024258228950202465
1477439444252236519,0.0018171515548601747
1477439528013986911,-0.0017832678277045488
1477439510361608007,0.0004979134537279606
1477439495409622495,-0.00012139859609305859
1477439466605484288,-0.00017294762074016035
1477439574870588226,-4.9258844228461385e-05
1477439675334916951,0.0026619648560881615
1477439572820306221,0.0007084579556249082
1477439592223080008,0.0010132378665730357
1477439660832677741,0.0014191900845617056
1477439472856252407,0.0034372229129076004
1477439708239546005,0.0024973575491458178
1477439692037134785,0.0011009695008397102
1477439713490212236,-0.0022625750862061977
1477439660632773847,0.001446171198040247
1477439600225605386,0.0018821319099515676
1477439569921461792,0.0011048619635403156
1477439589122711421,0.002942392136901617
1477439534364903893,-0.0005431252066046
1477439500910294555,0.0009831339120864868
1477439514212071271,0.0013178442604839802
1477439704138772609,0.0015884657623246312
1477439471306042588,0.0015541438478976488
1477439587972551023,0.0028201916720718145
1477439621577357601,0.0006153141148388386
1477439495059343269,-3.959517925977707e-06
1477439674834694740,0.0023703142069280148
1477439691587205868,0.0013667130842804909
1477439468755706764,0.0012785025173798203
1477439698837996015,0.0020455580670386553
1477439465055164421,0.0014668074436485767
1477439699238065146,0.0019596172496676445
1477439618176679416,0.00038501364178955555
1477439714140123429,-0.0002041514089796692
1477439634729079599,-0.0005283928476274014
1477439526113799049,-0.0006916220299899578
1477439539365546253,-0.0007286000763997436
1477439562318876301,0.0026747698429971933
1477439609575491925,0.0023618005216121674
1477439706539047004,0.0016969132702797651
1477439699338085015,0.0023744183126837015
1477439705839076875,0.0024793632328510284
1477439470806130435,0.0018823629943653941
1477439494609360065,-0.000185399258043617
1477439660482818645,0.0015174297150224447
1477439601224426943,0.002878002356737852
1477439568170128706,0.0021052660886198282
1477439527764063410,-0.0019005914218723774
1477439572670321790,0.0010607297299429774
1477439540315780205,4.005318623967469e-05
1477439420598921030,0.001155188074335456
1477439684335965260,0.0011120019480586052
1477439683987663117,0.0009784267749637365
1477439463304914384,-3.644562093541026e-05
1477439467005674854,0.0016411752440035343
1477439535015129925,0.0001239044067915529
1477439535515103122,0.0006610403070226312
1477439523313348595,0.0017845465335994959
1477439710339590024,-0.0009918936993926764
1477439716640520760,0.0015508336946368217
1477439699088222515,0.002069631591439247
1477439562618874557,0.003018740564584732
1477439611475739842,0.003448486328125
1477439707639458708,0.002688533393666148
1477439639829811712,-0.0006621876964345574
1477439492409057342,0.00023107498418539762
1477439556168003571,0.0013267728500068188
1477439606124981142,0.0008142956648953259
1477439645280613906,-4.081270890310407e-05
1477439706239124625,0.002532890997827053
1477439588972590089,0.0018211037386208773
1477439527964048768,-0.001478798221796751
1477439716140582717,0.0003668795106932521
1477439502410501021,0.0013362435856834054
1477439523863469669,0.0006506919162347913
1477439529564267631,-0.0013056035386398435
1477439587272447347,0.0023418846540153027
1477439552667514849,0.0023966021835803986
1477439629978354583,0.0006581422640010715
1477439420999020163,0.0026868246495723724
1477439437051449408,0.0029411036521196365
1477439586722377904,0.0008074051002040505
1477439591172890844,0.0021163285709917545
1477439674234618197,0.0032139820978045464
1477439492809103659,0.0010722156148403883
1477439419098760804,0.0008788047707639635
1477439683487528457,0.0005299707991071045
1477439683835989234,0.0010103805689141154
1477439728992212378,4.427309613674879e-05
1477439521963195760,0.0017736013978719711
1477439701288366350,0.0021005815360695124
1477439502310388601,0.0007080982904881239
1477439486108130922,0.00039982367889024317
1477439526213810889,-0.00051552162040025
1477439529964338268,-0.001653299666941166
1477439464456920965,0.000735013687517494
1477439565619341765,0.0019773286767303944
1477439678135159136,0.0013178493827581406
1477439432600637402,0.00043127351091243327
1477439557168115775,0.0015241630608215928
1477439600574323429,0.0017228604992851615
1477439522613295767,0.0007300061406567693
1477439459404624235,0.002207172801718116
1477439554117782540,0.0029037639033049345
1477439550967332559,0.0018651658901944757
1477439618776812642,-0.0004541461239568889
1477439433000728568,0.00033489952329546213
1477439631578641205,0.0019464148208498955
1477439708289332075,0.001980531495064497
1477439607025190629,0.0004645450389944017
1477439715240305690,0.001250002533197403
1477439591873092952,0.0021203970536589622
1477439560518671925,0.0036760023795068264
1477439728542164765,0.0009269338916055858
1477439579371272296,0.0012489466462284327
1477439529514280426,-0.0009988319361582398
1477439701638551419,0.002900700317695737
1477439518662748829,0.0016732810763642192
1477439714090163176,-0.0015732253668829799
1477439535815141849,0.001503430656157434
1477439603424596530,0.001436059596017003
1477439632178658775,0.00020819844212383032
1477439465555277883,0.0024979456793516874
1477439437953063541,0.0009829910704866052
1477439615826408223,-0.0018656601896509528
1477439433100676432,4.211306804791093e-05
1477439552567484098,0.0032279696315526962
1477439432700644637,2.5358283892273903e-05
1477439556968278251,0.0016844561323523521
1477439703188877228,0.0025024651549756527
1477439496059493809,0.0007904447847977281
1477439680685466305,0.0017371124122291803
1477439503510555555,0.00010570570884738117
1477439528664149673,-0.0014934437349438667
1477439621077094410,0.0023652559611946344
1477439417848570290,-0.0003360694972798228
1477439646130721900,0.0014241347089409828
1477439416398487922,0.0013136148918420076
1477439515162214755,0.0015399394324049354
1477439443952243277,0.0009074982954189181
1477439600424192832,0.002149517647922039
1477439587922423442,0.0027803408447653055
1477439461754655391,0.0014337272150442004
1477439603524742270,0.0019658668898046017
1477439491510084013,0.0010720632271841168
1477439517912691441,0.000592948985286057
1477439561518763572,0.0021952346432954073
1477439415148169844,0.0019163363613188267
1477439677485083647,0.0005404425319284201
1477439433150778076,-3.0170805985108018e-05
1477439502360440196,0.0014614320825785398
1477439412097907744,0.002400243654847145
1477439580321359032,0.0012010646751150489
1477439516762464450,0.00016851327382028103
1477439674934701008,0.001876956783235073
1477439501460266049,0.0002368730492889881
1477439429200094164,0.002618147060275078
1477439568769718112,0.0024863677099347115
1477439675684789003,0.0022557093761861324
1477439673984581714,0.0035829287953674793
1477439495309462490,0.0011864941334351897
1477439634629073170,-0.000535108323674649
1477439609925710962,0.0025914981961250305
1477439706589254673,0.0013855516444891691
1477439619276927685,0.0015538266161456704
1477439551017248796,0.00184905796777457
1477439637029410128,0.0003323168493807316
1477439629778314385,0.00171290198341012
1477439586222305119,0.001256359275430441
1477439507061066608,0.00042402304825372994
1477439542916125289,-0.0009517026483081281
1477439492709088024,0.0009039564756676555
1477439708839381611,-0.0008166327606886625
1477439575320651642,0.0001333769760094583
1477439622427363311,0.001284324680455029
1477439525663816503,-6.3170737121254206e-06
1477439617376691136,-0.0007953922031447291
1477439542966176004,-0.0008529776241630316
1477439444002191779,0.000768451951444149
1477439539915620133,0.0007728675846010447
1477439470905997196,0.001527989748865366
1477439708339447154,0.0027267192490398884
1477439436551122974,0.0016916102031245828
1477439541166229313,-0.0012180980993434787
1477439572620266235,0.0006018753629177809
1477439540365689133,0.00021338550141081214
1477439465655296671,0.002756491769105196
1477439705739054913,0.0030687388498336077
1477439622277306529,0.0006918144645169377
1477439714190169643,0.00016357310232706368
1477439471106012597,0.0011639404110610485
1477439522663253343,0.0012186934472993016
1477439718090673698,0.0013523224042728543
1477439539465550079,0.0002718014002311975
1477439410097408597,0.0012575701111927629
1477439625277790803,0.00023954699281603098
1477439441551824105,0.0009836341487243772
1477439465905428813,0.0023761577904224396
1477439497509705629,0.00017015347839333117
1477439554167680906,0.003343513235449791
1477439429250319500,0.002211669459939003
1477439528264104783,-0.0019488793332129717
1477439563919065034,0.002716424874961376
1477439574170591333,0.0007673057843931019
1477439635029058184,0.0002706442610360682
1477439717540708459,0.0020324098877608776
1477439585772323168,0.0008821591036394238
1477439570820081385,0.0016887958627194166
1477439414048009504,0.0024561923928558826
1477439725291969662,0.003439248539507389
1477439528164048205,-0.0019092019647359848
1477439616976627620,-0.0013817728031426668
1477439569769873747,0.001485571963712573
1477439488108535581,0.0017857284983620048
1477439465705287087,0.0026939869858324528
1477439633678932500,0.0010222940472885966
1477439481707532805,-0.0009398888214491308
1477439492909056746,0.0007796217687427998
1477439522013202813,0.0012611700221896172
1477439645780645243,0.0012639369815587997
1477439561668942687,0.0021661934442818165
1477439564019172592,0.0023838276974856853
1477439695837602629,0.0021075161639600992
1477439540515758591,-3.8844416849315166e-05
1477439578871263872,0.0010796182323247194
1477439627678083690,-0.0009696140186861157
1477439529614294318,-0.001155329868197441
1477439580021408990,0.0019775722175836563
1477439428850118034,0.0024515665136277676
1477439517262514729,-0.00028830161318182945
1477439685186169681,0.0014060153625905514
1477439562118903563,0.0018865903839468956
1477439714240194604,0.00016293185763061047
1477439529064152187,-0.0014083562418818474
1477439503560637481,0.00038492580642923713
1477439491658910546,0.0019195845816284418
1477439460104411436,0.0011937676463276148
1477439437451251647,0.001115000108256936
1477439514162108234,0.0017518526874482632
1477439568719724680,0.0028455154970288277
1477439499810105895,0.0005097122630104423
1477439633729028333,0.0008532273350283504
1477439713690068705,-0.0014798302436247468
1477439527864035934,-0.0017974721267819405
1477439438101603022,0.000469037564471364
1477439695137505400,0.002915266901254654
1477439441451979514,0.000528962817043066
1477439720941316109,0.00041554897325113416
1477439432550613732,-0.00022486539091914892
1477439710089600643,-0.0019608698785305023
1477439630281053278,0.00041463636443950236
1477439572370245881,0.0005061381962150335
1477439573520450762,0.0008927822927944362
1477439584872101266,0.0015464029274880886
1477439618826955735,0.00013687604223378003
1477439719940937072,0.00160095258615911
1477439702788872035,0.002242591232061386
1477439675034721410,0.0021481304429471493
1477439466355433193,0.0012449775822460651
1477439702088488039,0.0027080969884991646
1477439494959337734,0.00014399783685803413
1477439573920508793,0.0005342404474504292
1477439440851755705,0.001732994569465518
1477439446402709624,0.0006364045548252761
1477439551167382903,0.002600331325083971
1477439432200592073,0.0005045874859206378
1477439491208817064,0.0012613908620551229
1477439429700221524,0.0016031829873099923
1477439417798585740,-0.00023613037774339318
1477439718290811576,0.0013123092940077186
1477439569321292016,0.0015774720814079046
1477439589322622325,0.002103636506944895
1477439419999076542,-0.00138880405575037
1477439589172588571,0.0024119496811181307
1477439496659624832,0.0003179117338731885
1477439608825407944,0.0006569661782123148
1477439543116170310,-0.0004884453373961151
1477439633828940565,0.0011818285565823317
1477439534264938205,-0.0006780529511161149
1477439565419329509,0.002818751148879528
1477439633278946945,0.0009678660426288843
1477439527663967713,-0.0020693140104413033
1477439700988333242,0.0022295210510492325
1477439705488925202,0.003783592488616705
1477439467955545016,0.001600935123860836
1477439701088351047,0.0021053615491837263
1477439515312213449,0.0016884910874068737
1477439418448521131,0.0011095295194536448
1477439627179648715,-0.00042268872493878007
1477439494209267577,-0.00026111677289009094
1477439458204223987,0.0013639575336128473
1477439635629180761,0.00014399999054148793
1477439491959030807,0.0004437454044818878
1477439716440462082,0.0007467075483873487
1477439497259686962,0.0004043626831844449
1477439491808921755,0.000783650204539299
1477439592022998858,0.0017145186429843307
1477439443602168177,0.0006572381826117635
1477439617476671217,-0.0007807279471307993
1477439492008951814,0.0007177907973527908
1477439587072429550,0.0024516908451914787
1477439568469745816,0.002232656115666032
1477439705939095088,0.0031840181909501553
1477439611375734616,0.0024676467292010784
1477439493409172285,-5.1589333452284336e-05
1477439479807226981,-0.00040785048622637987
1477439417598562200,-0.0006243071984499693
1477439619076852963,0.0012414129450917244
1477439618626926949,-0.00032125774305313826
1477439719340909091,0.0011586981127038598
1477439634429040096,0.000343460327712819
1477439553167638236,0.0019970284774899483
1477439529714295591,-0.0011410806328058243
1477439700588337990,0.001555822673253715
1477439420898921035,0.0023554523941129446
1477439716290470293,0.0003743862034752965
1477439609525657960,0.0015656303148716688
1477439613476028375,0.00043829716742038727
1477439589622655688,0.0021824920549988747
1477439705688933166,0.0032453471794724464
1477439696937828659,0.0009084881166927516
1477439524763600030,-0.001371404156088829
1477439548216854275,0.0004660019767470658
1477439589072648072,0.0020088432356715202
1477439526563809888,-0.0019151166779920459
1477439557268130551,0.0016799585428088903
1477439468855814316,0.0011093601351603866
1477439551817459279,0.0018778746016323566
1477439591123004850,0.0017853535246104002
1477439564519637697,0.0017907603178173304
1477439419698844773,0.0003492515825200826
1477439616677726047,-0.0027712476439774036
1477439484307916362,0.0010566898854449391
1477439705538991049,0.003014605026692152
1477439501260276919,-0.0004548731376416981
1477439540415734878,0.0003390979836694896
1477439529814322094,-0.0012405191082507372
1477439676484857657,0.002078815596178174
1477439522513283734,0.00087362015619874
1477439565319303512,0.0025829686783254147
1477439434050827946,0.00140787020791322
1477439418848671263,0.0005912386113777757
1477439698038082993,0.001092612510547042
1477439494759321447,-0.0002508576726540923
1477439419298766397,0.00044052035082131624
1477439535665128284,-8.932698983699083e-05
1477439622977476782,0.0022910204716026783
1477439618326737641,0.00020609164494089782
1477439592073037176,0.0014530183980241418
1477439707039190125,0.0028025126084685326
1477439434100791175,0.0018180817132815719
1477439720641482488,0.0004612577613443136
1477439711989823970,0.000586462439969182
1477439441051751838,0.0018843341385945678
1477439538115416370,0.0015974524430930614
1477439575070629023,0.0001776101707946509
1477439570069908132,0.0007302119629457593
1477439569419815030,0.0016064594965428114
1477439437801311595,0.0008517998503521085
1477439561418811248,0.002589812967926264
1477439570020072875,0.0011235211277380586
1477439565719355665,0.0019218150991946459
1477439527013929241,-0.0018030579667538404
1477439714940251134,0.0011425624834373593
1477439600474312821,0.001472460338845849
1477439659432620218,0.003320550313219428
1477439631928702076,0.0013254925142973661
1477439625227805649,0.00040278589585796
1477439430300325347,0.001814296469092369
1477439603024667620,0.0012386434245854616
1477439557218115708,0.001799056539312005
1477439507111054064,0.0015262108063325286
1477439633628906440,0.0004936050390824676
1477439526463783186,-0.001484953216277063
1477439646080860066,0.0013999759685248137
1477439528964194584,-0.0015723241958767176
1477439542716110774,-4.591311153490096e-05
1477439525963779351,-0.0005800698418170214
1477439704638787840,0.0017690910026431084
1477439676435058375,0.00184395513497293
1477439660132581376,0.002070486079901457
1477439467155459390,0.001485366141423583
1477439458054223786,0.0014960127882659435
1477439563869035831,0.002799148205667734
1477439629578289142,0.0009794681100174785
1477439717490562194,0.0019031764240935445
1477439432950646987,-0.00014365458628162742
1477439540715803018,-0.00039409572491422296
1477439425499661901,0.0011062842095270753
1477439553667676713,0.0021589004900306463
1477439432400704077,-0.0005656410939991474
1477439603374601934,0.0008832789026200771
1477439561968780545,0.0015750020975247025
1477439441602054873,0.0009921874152496457
1477439436401242466,0.0019520008936524391
1477439529464254017,-0.0008749344851821661
1477439603074564924,0.0011626159539446235
1477439594773387161,0.0014514278154820204
1477439518012668273,-0.0001391060504829511
1477439507011030422,0.00046447294880636036
1477439619677640462,0.00015745509881526232
1477439525313688881,-0.00043626403203234076
1477439622527367998,0.0016937779728323221
1477439555117812382,0.00216454965993762
1477439465855316676,0.002458138857036829
1477439716040564005,0.00023686620988883078
1477439632328774983,0.0003886560443788767
1477439702588612087,0.0015476793050765991
1477439469155775317,0.00032196647953242064
1477439644630467131,-0.00010466581443324685
1477439439201525881,0.00035953184124082327
1477439627978126242,-0.0006294785998761654
1477439527464042200,-0.002339119091629982
1477439432800937715,-0.00040670973248779774
1477439700838297349,0.0022453933488577604
1477439718691775300,0.0002496388042345643
1477439696637837388,0.0020269243977963924
1477439625377778490,-8.579081622883677e-05
1477439719291105080,0.0011052546324208379
1477439562368875539,0.002573073375970125
1477439530264315586,-0.0008598894346505404
1477439699038038565,0.001887081889435649
1477439624227547407,0.00205976702272892
1477439707289687568,0.0023972054477781057
1477439617876723717,0.0001171642797999084
1477439516612387920,-0.0004335094417911023
1477439531514556298,-0.001240842044353485
1477439418198601800,-0.00025123427622020245
1477439610725774364,0.0029109937604516745
1477439437351322658,0.0010794935515150428
1477439530314338936,-0.0009697112836875021
1477439523713404231,0.0010947076370939612
1477439459804435247,0.0015763090923428535
1477439603274593425,0.0015061500016599894
1477439701438363684,0.0028306248132139444
1477439529114349381,-0.0012681097723543644
1477439631028549174,0.0007320043514482677
1477439503310513366,-0.0003094067214988172
1477439555817960868,0.001308980630710721
1477439465205860544,0.00193061213940382
1477439605824948737,0.0012985796201974154
1477439428099996734,0.0023248507641255856
1477439530164307860,-0.0012080548331141472
1477439618426694423,-0.00021696160547435284
1477439418298647084,-0.0001541364472359419
1477439561468698841,0.0024340974632650614
1477439445302615809,9.980378672480583e-05
1477439444652435486,0.001593308406881988
1477439529314313464,-0.0007416981970891356
1477439467405713478,0.0013990316074341536
1477439628428201027,-0.0003027496859431267
1477439717390625151,0.001955036073923111
1477439593023259493,0.001320323091931641
1477439464105392981,-9.698164649307728e-05
1477439618726950394,-0.0009815094526857138
1477439501860324495,0.001528053660877049
1477439462054927632,0.0018166761146858335
1477439528064031129,-0.001538225100375712
1477439560418566705,0.003626415506005287
1477439530514361691,-0.0009961854666471481
1477439502610564124,0.0010487859835848212
1477439620677080443,0.0013620732352137566
1477439499560940769,0.0005223420448601246
1477439555167846680,0.0023068005684763193
1477439430650495381,0.0005281665362417698
1477439571370096779,0.0013197241351008415
1477439680635420429,0.0018568321829661727
1477439609325393965,0.00258175958879292
1477439578521148804,0.0010249776532873511
1477439442051863579,0.0016435130964964628
1477439713890143228,-0.0015859977575019002
1477439633778946380,0.0008680373430252075
1477439501910388685,0.0018460660940036178
1477439580221347935,0.0013181923422962427
1477439432750777533,-0.00016966724069789052
1477439569969995668,0.001320554525591433
1477439535165055464,0.00035363121423870325
1477439596623652248,0.0012933961115777493
1477439623727619755,0.00282361195422709
1477439432900742978,-7.688335608690977e-05
1477439535915108981,0.0012978152371942997
1477439711590034874,-0.0011087408056482673
1477439471357457596,0.0015234674792736769
1477439470755942970,0.0014722209889441729
1477439433300683933,0.0003259663062635809
1477439557618207231,0.001928192563354969
1477439719240884865,0.0011491633486002684
1477439573620463478,0.0007157118525356054
1477439569569908038,0.0014154663076624274
1477439523113386378,0.0024219099432229996
1477439624427538202,0.0014219050062820315
1477439483757832102,0.0002557801199145615
1477439618678726286,-0.00021317368373274803
1477439460454496276,0.001706346170976758
1477439633528893249,0.0007510511204600334
1477439469205771919,0.0006298899534158409
1477439465955355680,0.0022050044499337673
1477439443452131936,0.00013310404028743505
1477439460004385601,0.0015269997529685497
1477439491359156622,0.0009472772944718599
1477439673784503374,0.004142220132052898
1477439515762285143,0.0015650729183107615
1477439534315005716,-0.0008410548325628042
1477439503260515487,-0.00045382845564745367
1477439514262118114,0.0015364863211289048
1477439471656142393,0.002386486390605569
1477439609475522720,0.0010811688844114542
1477439433800806154,0.0017846693517640233
1477439728942275241,0.0005681156180799007
1477439569819896588,0.001268784049898386
1477439428150152328,0.001711882185190916
1477439435150995810,0.00044378041638992727
1477439646280680088,0.0009500550804659724
1477439629378269974,-0.00026150798657909036
1477439492358957920,0.0013363875914365053
1477439710139731755,-0.0007288299966603518
1477439702038471546,0.003086357843130827
1477439416498397295,0.0008432200411334634
1477439629328260235,-0.0008036161889322102
1477439695187516497,0.00304251816123724
1477439651131579337,0.0019756152760237455
1477439585572206014,0.0017649356741458178
1477439674784702635,0.0019715684466063976
1477439728592218030,0.0010277527617290616
1477439683635898400,0.0015143498312681913
1477439633928930819,0.0005420633242465556
1477439630878503711,0.0006124123465269804
1477439639879868025,-0.0005428877775557339
1477439484207897602,0.001407344127073884
1477439683885975495,0.0012173508293926716
1477439494359397094,-0.0007558931829407811
1477439427799984823,0.0013637548545375466
1477439501310440244,-0.00027904624585062265
1477439703288849400,0.0027280859649181366
1477439622477344803,0.002055268967524171
1477439530464336772,-0.0008673496777191758
1477439434850894138,0.0009859921410679817
1477439534865026439,-0.0003120536857750267
1477439562768921635,0.0022000297904014587
1477439551667480899,0.003509006928652525
1477439470456017780,0.0013632371556013823
1477439592723208580,0.0006573912687599659
1477439502660486743,0.0009013807866722345
1477439611725685590,0.002278761938214302
1477439541465888031,-0.001085031544789672
1477439591973050458,0.0018245219253003597
1477439524813612641,-0.000733423454221338
1477439528714153338,-0.0013408635277301073
1477439517012510416,-0.0008596847183071077
1477439517812580441,0.0003726293216459453
1477439442101903417,0.0007090153521858156
1477439551417288070,0.0032310932874679565
1477439677635028837,0.0009253587340936065
1477439553117533171,0.0016275563975796103
1477439618526859398,-0.0006569449324160814
1477439502210374562,0.0011150619247928262
1477439492308959488,0.0013511928264051676
1477439711639890169,-0.001700982335023582
1477439551917491008,0.0027447263710200787
1477439629178234933,-0.00032474094768986106
1477439714890343419,0.0009602663922123611
1477439579971303174,0.002583371941000223
1477439437151525789,0.00221320241689682
1477439553467511576,0.0017654153052717447
1477439493459193477,-4.52183885499835e-05
1477439528564127551,-0.0018595207948237658
1477439606525045648,0.0018872133223339915
1477439496709911299,0.0008506793528795242
1477439460354516735,0.001714910613372922
1477439629528288160,0.0008671683608554304
1477439496509572636,0.0005616715643554926
1477439715490405942,0.0017021966632455587
1477439646830820701,0.0010127057321369648
1477439458254155607,0.0011697376612573862
1477439535565186157,0.0006053090910427272
1477439523513374281,0.0016696002567186952
1477439417398627966,-0.000149977277033031
1477439539416516720,-3.881420707330108e-05
1477439701888458262,0.0019743521697819233
1477439704738692631,0.002291057724505663
1477439674184682525,0.0028887568041682243
1477439660582656038,0.0012633739970624447
1477439592123094106,0.002027759561315179
1477439709889619209,-9.594902803655714e-05
1477439530214331991,-0.0009555375436320901
1477439614526292666,-0.0009737006039358675
1477439615876442346,-0.002278913278132677
1477439707989286788,0.003271000226959586
1477439716190698865,0.0006459010182879865
1477439541065768955,-0.00046361814020201564
1477439466005270638,0.00204262463375926
1477439434000765269,0.0010973326861858368
1477439564569183707,0.0018150868127122521
1477439713740103725,-0.0010450378758832812
1477439493059079270,0.0008795589674264193
1477439622377303903,0.0007422537310048938
1477439437751302217,0.0006187134422361851
1477439563969065585,0.002489778446033597
1477439623877501358,0.0011977534741163254
1477439524713600110,-0.0015570537652820349
1477439528764154696,-0.0014758710749447346
1477439714490318594,0.0010240118717774749
1477439568419683171,0.002253027632832527
1477439709839560718,-0.00034597187186591327
1477439471756529288,0.001968845957890153
1477439528864181455,-0.0016991684678941965
1477439568669770520,0.002642979845404625
1477439491609005520,0.001495955279096961
1477439626477859780,-0.00020354415755718946
1477439495659488630,0.00092851254157722
1477439543066141464,-0.00028274889336898923
1477439528914177879,-0.001571832224726677
1477439697387875052,0.0005072088679298759
1477439430700294140,0.0003373011131770909
1477439438603013896,-0.0003421033325139433
1477439596523650277,0.0014728136593475938
1477439443402075090,6.104505155235529e-05
1477439715390532771,0.0014138866681605577
1477439632878752190,0.0015093140536919236
1477439572270234571,0.000726773520000279
1477439437201272822,0.0022676466032862663
1477439444102664115,0.0018310948507860303
1477439564169088578,0.0023306331131607294
1477439702638513311,0.0012405933812260628
1477439567219512319,0.0017741391202434897
1477439414247997815,0.002894694684073329
1477439571820131563,0.0013035661540925503
1477439630128367129,0.0008380801882594824
1477439698888029423,0.0022516767494380474
1477439437901363467,0.0016655649524182081
1477439487158310805,0.0006846141768619418
1477439541416012949,-0.0012220110511407256
1477439632378686950,0.0004258557455614209
1477439632828749896,0.0010756140109151602
1477439497309669908,-0.0005142106674611568
1477439516012376592,0.0006343630375340581
1477439497759791771,0.0006676169577986002
1477439414798128220,0.0022968652192503214
1477439641630041796,-0.0007816097931936383
1477439651031384503,0.0016351970843970776
1477439719790983566,0.0012351428158581257
1477439470606046928,0.001518861623480916
1477439568369741830,0.002169887302443385
1477439471556132195,0.0028911996632814407
1477439683135872826,0.0013351819943636656
1477439708789498463,-0.0005860647652298212
1477439573470403573,0.0005286158993840218
1477439646330734911,0.0004754657857120037
1477439602124682877,0.0003747738082893193
1477439651581495012,0.0013526580296456814
1477439596223594547,-0.00047333643306046724
1477439444302155527,0.001380843692459166
1477439720891188559,0.0004502437077462673
1477439502260434217,0.0011217198334634304
1477439579071304333,0.0012457382399588823
1477439684786206340,0.002880769781768322
1477439430550308889,0.0006903138128109276
1477439685236078474,0.0011570934439077973
1477439697437865316,0.0004920921055600047
1477439717440576552,0.0018134693382307887
1477439562168779233,0.0022732499055564404
1477439485808067929,0.0007662861607968807
1477439501760313543,0.0018899301066994667
1477439463254898641,0.0004976301570422947
1477439683786179162,0.0012890531215816736
1477439708389454325,0.0025467511732131243
1477439698788006547,0.002229497767984867
1477439718640746228,0.0007142234826460481
1477439556568061457,0.00026007555425167084
1477439526513840370,-0.0017173958476632833
1477439418148684948,-8.412753231823444e-06
1477439556868052024,0.0015955561539158225
1477439518612726656,0.001567919971421361
1477439465605195473,0.002787994220852852
1477439568219654056,0.0021551758982241154
1477439436701153357,0.0030023339204490185
1477439528414364946,-0.001965905539691448
1477439466205388227,0.00239392532967031
1477439603774655358,0.00021575848222710192
1477439555417898865,0.00112721452023834
1477439494709311016,0.00034081574995070696
1477439715890525830,0.0012451459188014269
1477439484457926419,0.0010123172542080283
1477439600924322566,0.0033715320751070976
1477439574970773743,0.0004175840294919908
1477439429450216034,0.0024308296851813793
1477439717190726783,0.002687346888706088
1477439646580732894,0.001401631161570549
1477439631178528305,0.00035617954563349485
1477439714290174693,9.621231583878398e-05
1477439625927959936,-0.0009199646301567554
1477439554269487917,0.0026587452739477158
1477439591572996232,0.0012076480779796839
1477439566069430168,0.0022847135551273823
1477439488158376990,0.0011040938552469015
1477439483807814563,-0.0004007403622381389
1477439585472187487,0.0019216261571273208
1477439554067666046,0.0027865171432495117
1477439615926407398,-0.0027863956056535244
1477439573770419057,0.0008662240579724312
1477439644480376980,-0.0007987638819031417
1477439556918074156,0.0015914358664304018
1477439632228673492,0.0001435593148926273
1477439701188353751,0.0017710451502352953
1477439563769294824,0.0028024869970977306
1477439699838220221,0.0018670534482225776
1477439704588842795,0.0019039795733988285
1477439529764247944,-0.0013214934151619673
1477439630828606551,0.0008638773579150438
1477439498209819342,0.00034309737384319305
1477439609225430663,0.002531096339225769
1477439630228532014,0.000585680827498436
1477439472006122895,0.0026174939703196287
1477439526713914928,-0.0014881371753290296
1477439438201415460,0.0006391334463842213
1477439700488322594,0.0018397404346615076
1477439419599131570,0.0007031858549453318
1477439436901172600,0.002399201039224863
1477439441501838729,-4.082437953911722e-05
1477439565669299143,0.001848780084401369
1477439685586178063,0.0013803644105792046
1477439683686043641,0.00180863740388304
1477439699938235976,0.0019504022784531116
1477439556818104251,0.0015271911397576332
1477439535465101242,0.0006360114784911275
1477439526613861839,-0.0018813878996297717
1477439628878255813,3.030088555533439e-05
1477439552967553353,0.0015660333447158337
1477439715441460783,0.0015054100658744574
1477439541365877271,-0.0006206600228324533
1477439627127944080,-7.910601561889052e-05
1477439496959618912,0.0005221308092586696
1477439491558930204,0.0011594063835218549
1477439569519920562,0.0014993241056799889
1477439701788425843,0.002512120408937335
1477439705888967435,0.0031558501068502665
1477439718040770114,0.0018532921094447374
1477439526013771160,-0.00041406811214983463
1477439628228172473,-0.001237955642864108
1477439471156002623,0.0012567553203552961
1477439619976942032,0.0007504810346290469
1477439596673705606,0.0015173429856076837
1477439633328898063,0.0011702131014317274
1477439556368027851,0.0011350978165864944
1477439527563933012,-0.002307926770299673
1477439570970093354,0.0016898965695872903
1477439445252368695,-1.276656985282898e-05
1477439435401173110,-0.0006111778202466667
1477439481157480820,-0.0009317100048065186
1477439529264246912,-0.000632976065389812
1477439713940273042,-0.0017057423247024417
1477439580121343822,0.0014226998900994658
1477439608675466194,0.0021473357919603586
1477439555367850440,0.0017338788602501154
1477439728643656399,0.0009733268525451422
1477439706639071189,0.0013168746372684836
1477439610525691530,0.002622377360239625
1477439564319129959,0.002038997132331133
1477439565219293210,0.0023189219646155834
1477439445402585135,0.0010362431639805436
1477439559668553246,0.003225755412131548
1477439673934526726,0.0035434854216873646
1477439541617111776,-0.00034548190888017416
1477439695387530025,0.0018754788907244802
1477439626377857412,-0.0004938259953632951
1477439619776982951,0.0015310156159102917
1477439535265049716,0.0003465534537099302
1477439518162621491,0.0008429097943007946
